Full Name,E-mail ID,Mobile No,College,Branch,CGPA/Percentage,Active Backlogs,Technical Skills,Online Test Score,Projects,Internship
Tejas Jain,tejas.jain01@student.example.edu,62246-06729,IIT KGP,CS,8.60,0,"JavaScript, REST APIs, git, DATA STRUCTURES AND ALGORITHMS, Python, SQL, pandas, ml",60,Movie recommender with collaborative filtering | Resume parser with NLP | Churn prediction model,SDE intern at a fintech startup
Uday Hegde,uday.hegde25@student.example.edu,8959437591,IITB,IT,70.5%,1,"aws,flask,Machine Learning,Git,Python,REST APIs,data structures",16,Movie recommender with collaborative filtering,
Prateek Sinha,prateek.sinha03@student.example.edu,7048757181,MAHE Manipal,Computer Science and Engineering,7.43,0,"Redis,REST APIs,DSA,JavaScript,sql,github,node,AWS",38,Food delivery app clone,NA
Manish Varghese,manish.varghese@student.example.edu,+91-7505451114,IIT Delhi,CSE,6.42,0,"data structures and algorithms, Flask, Python, SQL, Git",13,Sales forecasting dashboard,
Nisha Shetty,NISHA.SHETTY@STUDENT.EXAMPLE.EDU,09703294381,IIT Bombay,Electronics & Communication,7.30,0,"DSA, Django, c++, git",AB,URL shortener with Redis caching;Inventory API with role-based access;Chat server on WebSockets,
Farah Das,farah.das24@student.example.edu,89800-06881,NITC,EEE,7.55,NIL,"Node.js, C++, dsa, typescript, Redis, git, SQL",43/100,Campus events app,-
Gauri Mehta,gauri.mehta24@student.example.edu,6173683432,IIT Bombay,CSE,8.64 CGPA,0,django; microservices; CPP; rest api; spring boot; DSA,Absent,Distributed key-value store in Go | Chat server on WebSockets,-
Gauri Banerjee,,07818463679,I.I.T Roorkee,Electronics & Communication,8.24,None,DSA | REDIS | REST APIs | C++ | SQL | linux | Git,40/100,,
mehul kamath,mehul.kamath01@student.example.edu,9987025220,IITKGP,ECE,8.9/10,-,rest apis; Node.js; DSA; Git; Go; javascript,57,Payment reconciliation service; URL shortener with Redis caching,None
Uday Thomas,uday.thomas07@student.example.edu,8688282151,MAHE Manipal,EE,8.20,0,"mysql,DSA,git,NODEJS,rest apis,ts",54,Food delivery app clone,-
Arjun Gupta,arjun.gupta24@student.example.edu,+91 74358 32646,"Birla Institute of Technology and Science, Pilani",ECE,7.26,0,python | go | google cloud | Git | mysql | data structures | docker | restful apis,18,,-
Chirag Agarwal,chirag.agarwal01@student.example.edu,+91-6180421402,MIT-Manipal,E&C,8.1/10,Nil,C++ | REST APIs | nodejs | Git | redis | aws,51,Chat server on WebSockets,NA
MIHIR TIWARI,mihir.tiwari11@student.example.edu,06481943547,IIT KGP,ECE,8.27,-,"docker,Git,data structures,Go,SQL,AWS",67,Self-hosted metrics stack,NA
YAMINI PAI,yamini.pai03@student.example.edu,8757585823,IIT Madras,CSE,7.56 CGPA,Nil,"C++,rest api,System Design,Redis,data structures,Git",25/100,,None
neha bose,neha.bose24@student.example.edu,+91-6318271984,N.I.T. Warangal,CSE,92.9%,NIL,System Design; SQL; React; TypeScript; data structures; REST APIs,70,Real-time collaborative whiteboard; Food delivery app clone,SDE intern at a logistics startup
  Parth   Shenoy ,parth.shenoy@student.example.edu,+91-8259780814,iit madras,Mathematics and Computing,8.00,NIL,git; Python; algorithms; Flask; REST APIs; ML,39/100,Sentiment tracker for app reviews,None
riya verma,riya.verma24@student.example.edu,+91 80777 19927,NIT Trichy,Computer Science,92.1%,-,"DSA,REST APIs,typescript,aws,Node.js",97,Accessible component library; Real-time collaborative whiteboard; Expense tracker in React,Data intern at an analytics firm
Rahul Shenoy, RAHUL.SHENOY25@STUDENT.EXAMPLE.EDU ,06211339042,BITS Goa,EEE,7.78,2 active,restful apis; microservices; AWS; Java; Kafka; DSA,52,Distributed key-value store in Go; Inventory API with role-based access; Job queue with retries and dead letters; URL shortener with Redis caching,None
JAHNAVI CHATTERJEE,jahnavi.chatterjee@student.example.edu,9636467044,BITS Hyd,ECE,8.50,2 active,"ALGORITHMS, SQL, Git, Node.js, System Design, rest api, react, Java, TypeScript",82,Video call UI with WebRTC | Campus events app | Food delivery app clone,Backend intern at a SaaS company
  Aditya   Prabhu ,aditya.prabhu01@student.example.edu,8674490665,bits goa,CSE,80.0%,Nil,"Redis, cpp, Git, microservices",77,Payment reconciliation service | Inventory API with role-based access | Rate limiter for a public API,None
FARAH GUPTA,farah.gupta@student.example.edu,9056506366,N.I.T. Warangal,E&C,7.63,NIL,"Flask, SQL, LINUX, restful apis, python",29,,
arjun kamath,arjun.kamath25@student.example.edu,+91-8825506748,MIT Manipal,Comp Sci,7.77,0,"Redis, js, git, nodejs, REST APIs",32,Video call UI with WebRTC;Accessible component library,
Sruthi Hegde,sruthi.hegde@student.example.edu,7017317995,IITM,ECE,8.09,None,Spring Boot | docker | data structures | java | Git | postgres,38,Chat server on WebSockets | Order service with Kafka events,Research intern at a university lab
Irfan Joshi,irfan.joshi@student.example.edu,06005788265,IIT Delhi,CSE,7.01,-,git; REST APIS; mysql; linux; DATA STRUCTURES AND ALGORITHMS; Docker; GCP; Go; AWS,29,Load balancer simulation,NA
Rithika Iyer,RITHIKA.IYER25@STUDENT.EXAMPLE.EDU,09173975185,manipal institute of technology,Mechanical,7.32,1,python | PANDAS | postgresql | Flask | git,-,,None
Divya Desai,DIVYA.DESAI@STUDENT.EXAMPLE.EDU,+91 92801 61844,BITS Hyderabad,CSE,9.16,Nil,REST APIs | Git | Django | apache kafka | sql | DSA | go,56,Order service with Kafka events;URL shortener with Redis caching;Job queue with retries and dead letters,
varun banerjee,varun.banerjee@student.example.edu,+91 77482 35670,BITS Pilani,Computer Science and Engineering,70.5%,None,sql; AWS; git; Node.js; algorithms; docker; Redis; REST APIs; JavaScript,49,,Backend intern at a SaaS company
Priya Das,priya.das25@student.example.edu,63670-57638,BITS Hyd,Information Technology,7.03,Nil,Django; DSA; Git; C++; SQL; System Design; restful apis; AWS,46,Order service with Kafka events,-
Darshan Mehta,DARSHAN.MEHTA99@STUDENT.EXAMPLE.EDU,65954-41440,NIT Karnataka,C.S.E,7.46 CGPA,-,react.js; SQL; js; RESTFUL APIS; Redis,64,Expense tracker in React;Accessible component library,-
RIYA PILLAI,riya.pillai07@student.example.edu,8630545783,BITS Pilani Goa Campus,IT,7.99 CGPA,0,DSA; sql; MACHINE LEARNING; git; linux; javascript; python3,49,Call-quality anomaly detector; Churn prediction model,Frontend intern at an edtech startup
Lakshmi Varghese,lakshmi.varghese24@student.example.edu,+91 86060 18371,IIT Roorkee,ECE,8.60,NIL,SQL | JavaScript | Node.js | data structures | AWS | rest apis,62,Food delivery app clone; Real-time collaborative whiteboard,Backend intern at a SaaS company
Pallavi Banerjee,pallavi.banerjee@student.example.edu,6703010850,NIT Tiruchirappalli,Electronics & Communication,72.5%,0,"java, Node.js, POSTGRESQL",26,,None
Ananya Krishnan,ananya.krishnan01@student.example.edu,7725410446,NITW,IT,9.0/10,NIL,"REST APIs,js,SQL,Python,Redis,dsa",100,Accessible component library | Real-time collaborative whiteboard | Expense tracker in React,ML intern at a healthtech company
Dhruv Mehta,dhruv.mehta03@student.example.edu,+91-6799644388,NIT Calicut,Computer Science and Engineering,7.9/10,0,linux; Git; postgresql; dsa; python; AWS,53,Churn prediction model,SDE intern at a logistics startup
Vivaan Nair,vivaan.nair11@student.example.edu,8865256559,IIT Delhi,ECE,6.95,None,"microservices, Git, Go, dsa, REST APIs",36,,None
Aniket Pillai,aniket.pillai99@student.example.edu,+91-7630640023,BITS Hyderabad,Mechanical,7.6/10,0,DSA; REST APIs; Pandas; mysql; Flask; PYTHON3; Linux; github; Docker,20,,-
SANJANA CHAUHAN,SANJANA.CHAUHAN99@STUDENT.EXAMPLE.EDU,7514152470,NIT Trichy,Mechanical Engineering,8.27,None,REST APIs; hld; JavaScript; Redis,58,Real-time collaborative whiteboard | Expense tracker in React,NA
irfan chatterjee,irfan.chatterjee25@student.example.edu,+91 96707 93723,BITS Hyderabad,Mechanical,68.2%,0,SQL; redis; rest api; DSA; HLD; java,48,,None
Anusha Shenoy,anusha.shenoy@student.example.edu,9223830496,BITS Hyderabad,Mechanical,8.07,1,REST APIs; JavaScript; Redis; Git; data structures; Node.js,37,Campus events app,-
Lakshmi Jain,lakshmi.jain24@student.example.edu,6852957541,manipal institute of technology,CSE,8.40,0,C++ | Linux | Java | github | NODE.JS | Microservices | REST APIs,63,Job queue with retries and dead letters;URL shortener with Redis caching;Rate limiter for a public API,
Shreya Patel,shreya.patel@student.example.edu,+91-6718543889,BITS-Pilani,Maths & Computing,83.8%,-,"hld, Redis, github, SQL, JavaScript, data structures, react, REST APIS, Node.js",64,Expense tracker in React; Food delivery app clone,NA
Siddharth Sen,siddharth.sen@student.example.edu,76326-78982,BITS-Goa,ECE,8.00,2,"Flask, github, ALGORITHMS, Linux, PYTHON3, postgres",52/100,Call-quality anomaly detector;Movie recommender with collaborative filtering;Fraud detection on card transactions,
Karan Banerjee,KARAN.BANERJEE25@STUDENT.EXAMPLE.EDU,+91-9189393935,NIT Warangal,CSE,96.6%,-,"data structures and algorithms, Java, github, Redis, spring boot, rest apis",83/100,Chat server on WebSockets | Rate limiter for a public API | Order service with Kafka events,None
nandini kamath,nandini.kamath03@student.example.edu,7092695562,N.I.T. Warangal,Electronics and Communication,8.83,None,github | React | TypeScript | data structures and algorithms | REST APIs,75,Expense tracker in React; Video call UI with WebRTC,SDE intern at a logistics startup
Meera Gupta,meera.gupta99@student.example.edu,+91 99527 14877,NIT Trichy,CSE,8.15,0,"NODE.JS, dsa, typescript, Redis, github, React",73/100,Video call UI with WebRTC | Food delivery app clone | Accessible component library,
Sruthi Nair,sruthi.nair11@student.example.edu,71903-32428,NIT Trichy,Computer Science,6.6/10,2 active,REST APIs | k8s | Python | docker | DSA | go | gcp | Git,5,CI pipeline with automatic rollbacks,SDE intern at a fintech startup
Ashwin Pai,ashwin.pai11@student.example.edu,+91 88842 59751,BITS Hyderabad,Computer Science,8.28,-,Go | linux | rest api | microservices | git | data structures,70,Inventory API with role-based access; Distributed key-value store in Go; Rate limiter for a public API; Chat server on WebSockets,Backend intern at a SaaS company
Lakshmi Joshi,lakshmi.joshi03@student.example.edu,9783794978,NIT Surathkal,CSE,7.55,NIL,"microservices, DSA, Docker, Git, aws, java",64,Rate limiter for a public API; Distributed key-value store in Go; Job queue with retries and dead letters,Data intern at an analytics firm
tanvi sen,tanvi.sen24@student.example.edu,8922324641,NITK,Computer Science,81.9%,0,"git, Python, restful apis, Flask, algorithms, postgres, linux",66,Resume parser with NLP;Movie recommender with collaborative filtering;Sales forecasting dashboard,None
JOEL KAMATH,,6337142578,BITS Pilani Goa Campus,Mechanical,7.4/10,0,Kafka | Go | SQL | Spring Boot | DSA | Docker | git,55/100,Distributed key-value store in Go; Payment reconciliation service,-
Navya Patel,navya.patel24@student.example.edu,+91 99306 90668,NIT Calicut,CS,7.50,None,mysql | java | Redis | microservices | dsa,30,Job queue with retries and dead letters | Payment reconciliation service,NA
Gaurav Menon,gaurav.menon25@student.example.edu,+91 96414 39091,BITS Goa,ECE,7.21,0,"python,data structures and algorithms,Git,flask,java",55/100,Churn prediction model; Call-quality anomaly detector,
  Harini   Patel ,harini.patel01@student.example.edu,09371681908,bits goa,CSE,8.5/10,Nil,github; Java; SQL; Go; DSA; Node.js; REST APIs,75/100,Inventory API with role-based access;URL shortener with Redis caching;Payment reconciliation service,
Kunal Das,kunal.das03@student.example.edu,9489189900,iit madras,CSE,7.30,0,"Go, git, springboot, linux, REST APIs, SQL",40,,NA
Farah Jain,farah.jain07@student.example.edu,+91 88830 25465,manipal institute of technology,C.S.E,6.30,0,"github, restful apis, amazon web services, spring boot, docker, javascript, Java",18,,None
ASHWIN KHAN,ashwin.khan03@student.example.edu,08475032402,NIT Tiruchirappalli,C.S.E,7.51 CGPA,Nil,"Spring Boot, Git, javascript, Java, Node.js, DSA, REST API",53,Order service with Kafka events | Chat server on WebSockets,
vidya menon,vidya.menon99@student.example.edu,06364696998,NITC,CSE,7.9/10,None,REST APIs | nodejs | c++ | dsa,65,Inventory API with role-based access,
NEHA VARGHESE,,+91 60455 91916,IIT Bombay,CSE,7.83,Nil,python3 | github | data structures and algorithms | linux | AWS | postgres,39,Fraud detection on card transactions;Resume parser with NLP;Sales forecasting dashboard,NA
Parth Sen,parth.sen99@student.example.edu,6176121174,IITD,ECE,7.17,0,"AWS, Go, docker, rest api, Linux, sql, Git, data structures and algorithms",21,Log pipeline on Kafka,None
Rachit Thomas,RACHIT.THOMAS07@STUDENT.EXAMPLE.EDU,+91-9008144369,NITW,ME,7.8/10,0,"AWS, python3, Git, DSA",60,CI pipeline with automatic rollbacks; Self-hosted metrics stack; Log pipeline on Kafka,-
Lakshmi Desai,lakshmi.desai11@student.example.edu,8093568997,IIT-Bombay,Computer Science and Engineering,75.0%,NIL,AWS | Git | data structures | Python | Docker | Java | rest api,,Cloud cost monitor,SDE intern at a fintech startup
priya saxena,priya.saxena03@student.example.edu,8216587259,MAHE Manipal,ECE,71.2%,0,"Python, rest api, Kubernetes, GIT, data structures and algorithms",26,,-
Aarav Hegde,aarav.hegde99@student.example.edu,+91 89422 61654,iit bombay,CSE,70.0%,0,"aws, github, kafka, REST APIs, System Design, redis, java, postgresql, microservices, DSA",18,Job queue with retries and dead letters,-
PALLAVI KAMATH, PALLAVI.KAMATH25@STUDENT.EXAMPLE.EDU ,6322946748,Manipal Institute of Technology,Electrical Engineering,8.4/10,None,"WebRTC, mysql, Git, Microservices, java, linux, Spring Boot, restful apis",32,URL shortener with Redis caching,None
karan pai,karan.pai25@student.example.edu,7255673051,"Birla Institute of Technology and Science, Pilani",Comp Sci,66.6%,None,"git, nodejs, algorithms, system design, c++, redis",38,Inventory API with role-based access; Payment reconciliation service,-
Yamini Menon,yamini.menon03@student.example.edu,7665623240,MAHE Manipal,ECE,8.70,-,"mysql, REDIS, DSA, Java, GIT, REST APIs",84,Distributed key-value store in Go; Rate limiter for a public API,ML intern at a healthtech company
ARVIND PATEL,arvind.patel99@student.example.edu,+91 91906 15528,IIT Bombay,IT,8.6/10,0,"REST APIs, Git, Kubernetes, POSTGRES, GCP, Go, system design, LINUX",75/100,Cloud cost monitor; Kubernetes autoscaler experiment,Frontend intern at an edtech startup
PALLAVI TIWARI,pallavi.tiwari99@student.example.edu,8615898398,manipal institute of technology,CSE,8.52,None,SQL | REST APIs | Git | Docker | Machine Learning | DSA | python,41,Churn prediction model | Resume parser with NLP | Movie recommender with collaborative filtering,None
Lakshmi Gupta,lakshmi.gupta11@student.example.edu,6115437574,bits pilani,CSE,7.50,None,"RESTFUL APIS, java, algorithms, Git, node, linux, django",45/100,Inventory API with role-based access,NA
Varun Sen,,08032724654,iit kharagpur,CSE,6.57,Nil,"Git, Redis, AWS, REST APIs, JavaScript",5,,
SHREYA RAO,shreya.rao@student.example.edu,08974958733,NIT Tiruchirappalli,CS,7.4/10,-,"PYTHON3, flask, SQL, System Design, Pandas, github",39/100,Call-quality anomaly detector | Sentiment tracker for app reviews | Fraud detection on card transactions,Backend intern at a SaaS company
RIYA BANERJEE,RIYA.BANERJEE@STUDENT.EXAMPLE.EDU,08451508559,IIT Madras,Mechanical,7.66,NIL,"Linux, java, Git, REST API, sql, cpp, DSA, redis, AWS",26,Job queue with retries and dead letters,Platform intern at a cloud services firm
Hrithik Prabhu,,07998650768,BITS-Pilani,Mech,7.1/10,NIL,"linux, data structures and algorithms, git, Java, REST APIs, microservices",9,,
harsh thomas,harsh.thomas24@student.example.edu,06664400392,MIT Manipal,IT,6.7/10,Nil,"data structures and algorithms, Linux, Java, kafka, AWS, postgresql",34,Inventory API with role-based access,
Aarav Mishra,aarav.mishra01@student.example.edu,9286097899,iit madras,Electronics & Communication,7.11,None,"Python, WebRTC, SQL, Linux, Flask",-,Churn prediction model,NA
Soham Bose,soham.bose@student.example.edu,+91-7409010300,NIT Calicut,Mathematics and Computing,8.85 CGPA,0,"docker,system design,Kubernetes,data structures,Python,SQL",91,Self-hosted metrics stack;Cloud cost monitor;Log pipeline on Kafka,Research intern at a university lab
pooja rao,pooja.rao24@student.example.edu,69424-42034,MAHE Manipal,Electrical,7.62,None,"Python,git,mysql,linux,WebRTC",13,,-
Irfan Chauhan,irfan.chauhan11@student.example.edu,6388050440,IIT Roorkee,CSE,8.26,0,mysql | Linux | Python,54,Movie recommender with collaborative filtering,-
  Meera   Ghosh ,meera.ghosh03@student.example.edu,08446111604,Manipal Institute of Technology,ECE,7.96,0,"Git,rest api,Node.js,mysql,go,DSA,Docker",41,Job queue with retries and dead letters; URL shortener with Redis caching,Data intern at an analytics firm
ananya sharma,ananya.sharma03@student.example.edu,7841219495,NIT Trichy,Electronics and Communication,7.64,0,"C++,Redis,SQL,DSA,restful apis",62,Payment reconciliation service; Inventory API with role-based access,None
Uday Tiwari,uday.tiwari01@student.example.edu,8972608741,IIT Delhi,CSE,7.69,-,Git; algorithms; java; SQL; rest api; Redis; Django,69,Rate limiter for a public API,Backend intern at a SaaS company
Soham Nair,soham.nair01@student.example.edu,9807316024,IITB,IT,7.69,-,REST APIs | C++ | python3 | github | LINUX | kubernetes,46,CI pipeline with automatic rollbacks,-
Gaurav Yadav,gaurav.yadav@student.example.edu,06886550490,MIT Manipal,ECE,7.68,2,"docker, Go, sql",44,Self-hosted metrics stack | Kubernetes autoscaler experiment,SDE intern at a logistics startup
neha verma,neha.verma11@student.example.edu,07533952372,BITS-Goa,EE,7.31,0,"microservices, Redis, Spring Boot, Git, MYSQL, rest api, Java, Docker, data structures and algorithms",49,Distributed key-value store in Go; Payment reconciliation service,
BHAVYA NAIDU,bhavya.naidu@student.example.edu,+91 91244 80826,BITS Pilani Hyderabad,Mechanical,6.79,2,"LINUX,Python,Pandas,DSA,Git,postgres,Flask,REST APIs",41,Fraud detection on card transactions,NA
Hrithik Sharma,hrithik.sharma24@student.example.edu,7444884117,NIT Calicut,Comp Sci,78.6%,None,data structures | git | go | RESTFUL APIS | HLD | SQL | docker | google cloud,53/100,Load balancer simulation; Self-hosted metrics stack; Log pipeline on Kafka,
Harsh Shenoy,HARSH.SHENOY24@STUDENT.EXAMPLE.EDU,6460146001,bits goa,CSE,8.5/10,2 active,"dsa,rest apis,Git,GO,Java,Node.js,redis,SQL,Linux",41,Order service with Kafka events; Payment reconciliation service,-
LAKSHMI TIWARI,LAKSHMI.TIWARI99@STUDENT.EXAMPLE.EDU,8376266376,MIT Manipal,CSE,7.17,0,"github, REDIS, Node.js, c++, DSA, REST APIs, TypeScript",41,Video call UI with WebRTC; Accessible component library,-
Gaurav Thomas,gaurav.thomas99@student.example.edu,8819291875,MIT Manipal,CS,8.27,NIL,GO; rest api; DSA; REDIS; SQL; APACHE KAFKA; Git; Linux,94/100,Rate limiter for a public API; Order service with Kafka events; Inventory API with role-based access; Job queue with retries and dead letters,None
Shruti Das,,+91 73225 90685,MIT Manipal,Electronics and Communication,8.62,NIL,"rest apis, GITHUB, JavaScript, reactjs, SQL",56,Video call UI with WebRTC | Accessible component library,-
Karthik Bose,karthik.bose@student.example.edu,61922-31255,"MIT, Manipal",CSE,8.66,-,"SQL, python3, GIT, Flask, DSA, AWS, REST APIs",46,Resume parser with NLP;Call-quality anomaly detector,-
Harini Kumar,harini.kumar24@student.example.edu,+91-8620619329,BITS-Pilani,CSE,7.78,None,dsa | REST APIs | ml | Pandas | Python | Git | sql | C++,Absent,Fraud detection on card transactions,NA
Swati Pai,swati.pai25@student.example.edu,7056185206,Manipal Institute of Technology,Computer Science and Engineering,7.18,NIL,"github, postgres, REST APIs, Docker, Linux, DSA, Python",52,CI pipeline with automatic rollbacks;Load balancer simulation,NA
Yash Prabhu,yash.prabhu07@student.example.edu,7988752356,NIT Surathkal,Mechanical,9.02,-,"Java, Go, WebRTC, Kafka, RESTFUL APIS, postgresql, django, dsa",91/100,Payment reconciliation service; Rate limiter for a public API; Inventory API with role-based access,NA
VIVAAN GUPTA,vivaan.gupta07@student.example.edu,+91 97207 12218,IIT Roorkee,CSE,8.1/10,1,"DSA,SQL,PYTHON,js,REST API,Flask,pandas",54/100,Movie recommender with collaborative filtering | Resume parser with NLP,None
Pranav Ahmed,pranav.ahmed24@student.example.edu,79979-67245,NIT Surathkal,Mathematics and Computing,6.91,Nil,Pandas; python3; SQL; Linux; rest api,44,Sentiment tracker for app reviews,-
Uday Agarwal,uday.agarwal@student.example.edu,+91 67816 66570,IIT Kharagpur,CS,7.61,1 active,REST APIs | github | DOCKER | DSA | Django | java | microservices,42,Rate limiter for a public API,None
Trisha Sen,trisha.sen@student.example.edu,06184177950,"MIT, Manipal",MnC,7.47 CGPA,0,"github,spring boot,DSA,Java,AMAZON WEB SERVICES,REST APIs",35,Distributed key-value store in Go,
Irfan Thomas,irfan.thomas03@student.example.edu,8671296048,IIT Bombay,Mathematics and Computing,7.90,0,Git | SQL | System Design | Python | algorithms | Flask,48,,Research intern at a university lab
Anjali Jain,anjali.jain11@student.example.edu,+91-6662775253,NIT Calicut,Information Technology,71.8%,0,REST APIs; microservices; DSA; c++; SQL; springboot; Git,36,Payment reconciliation service,
Aditi Jain,aditi.jain25@student.example.edu,+91-6897785731,NIT Warangal,MnC,6.64,None,"DSA, pandas, Flask, postgres, REST API, AWS, Python",47,Sentiment tracker for app reviews,NA
Varun Desai,,6340521024,IIT-Bombay,CSE,8.55,None,"algorithms, hld, C++, Python, POSTGRES, amazon web services",59,Log pipeline on Kafka,Backend intern at a SaaS company
Pranav Bhat,PRANAV.BHAT11@STUDENT.EXAMPLE.EDU,63816-42870,nit calicut,Mathematics and Computing,62.9%,2 active,"Spring Boot,Microservices,C++,SQL,DSA,GITHUB,Node.js",15/100,,None
JOEL SHENOY, JOEL.SHENOY@STUDENT.EXAMPLE.EDU ,8960029441,NIT Warangal,CSE,6.52,0,git | restful apis | DSA | Node.js | go | SQL | cpp,19,Rate limiter for a public API,-
Sameer Tiwari,sameer.tiwari25@student.example.edu,+91-8733096176,IITR,E&C,7.53,Nil,"NODE, GIT, typescript",75/100,Food delivery app clone,None
aditi naidu,aditi.naidu25@student.example.edu,+91 78592 67601,IIT Madras,CS,7.64,Nil,"django, c++, Git, SQL, Linux, redis, rest apis",45,Distributed key-value store in Go;Inventory API with role-based access,NA
WASEEM DAS,waseem.das99@student.example.edu,07066505182,IIT Kharagpur,ECE,65.9%,1,"AMAZON WEB SERVICES, python, REST APIs, linux, DSA, GITHUB, postgresql",38/100,,
Arjun Pai,arjun.pai03@student.example.edu,7289687466,NIT Karnataka,Electronics & Communication,9.89,NIL,SQL; github; DSA; redis; Java; System Design; js; node.js,63,Accessible component library | Expense tracker in React | Video call UI with WebRTC,Frontend intern at an edtech startup
parth gupta,parth.gupta07@student.example.edu,+91 84757 90785,IIT Kharagpur,C.S.E,60.0%,-,"go, REST APIs, git, algorithms, Microservices",20,,NA
Bhavya Das,bhavya.das@student.example.edu,+91-9010436505,BITS-Goa,CSE,7.81,NIL,"Spring Boot, Kafka, restful apis, Git, JavaScript, C++, docker, SQL, DSA",66,Payment reconciliation service;Inventory API with role-based access;Job queue with retries and dead letters;Chat server on WebSockets,
Aditi Menon,aditi.menon11@student.example.edu,7646003787,nit trichy,CSE,7.96,0,amazon web services; data structures; POSTGRESQL; Git; FLASK; Python; rest apis,22,Call-quality anomaly detector;Fraud detection on card transactions,-
Yamini Reddy,yamini.reddy24@student.example.edu,06535043753,iit kharagpur,CSE,8.2/10,0,"Git, data structures and algorithms, postgres, python3, REST APIs, pandas, system design",49/100,Churn prediction model;Movie recommender with collaborative filtering,None
Keerthana Reddy,keerthana.reddy99@student.example.edu,7178127289,BITS Hyd,EEE,6.99,-,javascript | Git | nodejs | RESTFUL APIS | SQL | REACT.JS | C++,36,,
pallavi chatterjee,pallavi.chatterjee11@student.example.edu,8501907274,BITS Hyd,Maths & Computing,8.62,2,"data structures, Linux, docker, Python, GIT, flask, java",77,Resume parser with NLP;Movie recommender with collaborative filtering;Call-quality anomaly detector,Research intern at a university lab
mehul kamath,,9987025220,IITKGP,ECE,8.9/10,-,rest apis; Node.js; DSA; Git; Go; javascript,57,Payment reconciliation service; URL shortener with Redis caching,None
Trisha Rao, TRISHA.RAO@STUDENT.EXAMPLE.EDU ,+91-6511831740,bits goa,CSE,7.81,0,Go | restful apis | dsa | linux | postgres,57,Chat server on WebSockets | Payment reconciliation service,Platform intern at a cloud services firm
  Arjun   Prabhu ,arjun.prabhu11@student.example.edu,7584219475,BITS Pilani,IT,6.76,1,system design | golang | github | rest api | Linux | SQL | DSA,16,,NA
Pooja Kumar,pooja.kumar@student.example.edu,8016389905,IIT Madras,M&C,7.47,0,SQL | DSA | Redis | Git | Go | REST APIs,-,Payment reconciliation service,
NEHA DAS,neha.das03@student.example.edu,7109324248,NIT Trichy,Electrical Engineering,8.61,-,"DSA,Java,SQL,node,Git",49,Distributed key-value store in Go; Job queue with retries and dead letters; URL shortener with Redis caching,NA
SRUTHI IYER,sruthi.iyer11@student.example.edu,06224111681,NIT Karnataka,C.S.E,8.32,0,postgresql; Linux; C++; Git; REST APIs; data structures; Docker; hld,47,Rate limiter for a public API,Research intern at a university lab
FATHIMA PILLAI,fathima.pillai@student.example.edu,+91-7492838837,BITS Hyderabad,E&C,7.64,0,"git, data structures and algorithms, Docker, amazon web services, go, linux",47,Kubernetes autoscaler experiment,SDE intern at a logistics startup
ADITYA JAIN,ADITYA.JAIN07@STUDENT.EXAMPLE.EDU,8696855225,MIT Manipal,EE,8.3/10,1,DSA | python3 | SQL | github | Flask | pandas,64,Movie recommender with collaborative filtering | Sentiment tracker for app reviews | Sales forecasting dashboard,NA
Aditi Das,aditi.das01@student.example.edu,+91-8115974100,iit kharagpur,Mechanical,9.2/10,Nil,"Kafka,mysql,Git,node.js,C++,DSA",79,Job queue with retries and dead letters; Rate limiter for a public API; Distributed key-value store in Go,Backend intern at a SaaS company
Trisha Fernandes,trisha.fernandes24@student.example.edu,+91 82075 61681,iit madras,Mech,7.24 CGPA,-,"SQL,TypeScript,REST APIS,algorithms,redis,git",53,Campus events app | Expense tracker in React,None
Keerthana Shenoy,keerthana.shenoy01@student.example.edu,+91-6510251144,NIT Calicut,Information Technology,89.4%,0,typescript | DSA | Node.js | REST APIS | system design | Git,63,Expense tracker in React | Food delivery app clone | Accessible component library,Data intern at an analytics firm
  Aditya   Fernandes ,aditya.fernandes25@student.example.edu,77651-33254,IIT Madras,ECE,8.24,0,"DSA, AWS, SQL, System Design, C++, REST APIs, Linux, Django, git",63,Distributed key-value store in Go;Rate limiter for a public API,Research intern at a university lab
Anirudh Kumar,anirudh.kumar07@student.example.edu,06796288976,IIT Bombay,Computer Science and Engineering,9.5/10,Nil,"github, Linux, mysql, machine learning, Flask, REST APIs, python3, DSA",78,Sentiment tracker for app reviews; Churn prediction model,-
Ruchi Kulkarni,ruchi.kulkarni@student.example.edu,6346790944,IITM,Computer Science and Engineering,8.49,Nil,"Go, Docker, postgresql, linux, JAVA, Git, AWS, data structures",59/100,Load balancer simulation; Cloud cost monitor; Self-hosted metrics stack; Kubernetes autoscaler experiment,-
  Rohan   Dutta ,rohan.dutta25@student.example.edu,9700627938,NIT Trichy,Electronics & Communication,7.94,Nil,"C++, Django, springboot, rest api, Node.js, Git, JavaScript, amazon web services",30/100,,-
Aditi Bhat,,09715876798,IIT Madras,Electronics & Communication,73.7%,Nil,"docker, Java, System Design, Git, python3, REST APIs, redis, algorithms, Linux, Kafka",22,Chat server on WebSockets,None
vidya fernandes,vidya.fernandes24@student.example.edu,6792052639,BITS Pilani,CSE,6.1/10,0,"LINUX, sql, restful apis, Python, github",6,,SDE intern at a fintech startup
Uday Kumar,uday.kumar@student.example.edu,08922283807,BITS-Goa,I.T.,7.79,0,"Flask, Python, github, MYSQL, C++, data structures, WebRTC",39,Call-quality anomaly detector | Churn prediction model,Data intern at an analytics firm
Faizan Patel,faizan.patel24@student.example.edu,09749679587,IIT Madras,Electrical Engineering,8.34,0,"DSA, REST APIs, APACHE KAFKA, Docker, Linux, System Design, Java, sql",72,URL shortener with Redis caching,-
Zoya Kumar,zoya.kumar01@student.example.edu,9296863526,BITS Hyd,CSE,8.87,0,"system design,PANDAS,SQL,rest apis,Machine Learning,DSA,Git,Python",98/100,Call-quality anomaly detector; Movie recommender with collaborative filtering; Sentiment tracker for app reviews,None
omkar rao,omkar.rao01@student.example.edu,8788300831,nit calicut,C.S.E,7.96,NIL,SQL | REST APIS | DSA | GIT | Python | linux,31/100,Sentiment tracker for app reviews,None
meera yadav,meera.yadav01@student.example.edu,+91 73488 56678,MIT-Manipal,Mech,78.2%,0,Java | Microservices | REST APIs | Git | System Design | DSA,64,Rate limiter for a public API | Order service with Kafka events | Job queue with retries and dead letters,
Vivaan Kulkarni,vivaan.kulkarni99@student.example.edu,+91 62862 38124,IIT Bombay,E&C,6.82,0,WebRTC | Linux | SQL | python3 | github | PANDAS | REST APIs | DSA,15,Movie recommender with collaborative filtering; Resume parser with NLP; Sales forecasting dashboard,SDE intern at a logistics startup
riya iyer,riya.iyer01@student.example.edu,+91 94317 65529,BITS Goa,Computer Science,9.48,0,"restful apis, data structures, Linux, postgres, Python",85,Call-quality anomaly detector; Movie recommender with collaborative filtering; Sales forecasting dashboard,Backend intern at a SaaS company
VIDYA MEHTA,vidya.mehta03@student.example.edu,8305963454,iit bombay,ECE,7.97,None,"Flask, JavaScript, rest api, git, Python, DSA, SQL",57,Churn prediction model;Fraud detection on card transactions;Sentiment tracker for app reviews,SDE intern at a fintech startup
sahil reddy,sahil.reddy01@student.example.edu,62431-29146,MIT Manipal,CS,7.92,Nil,"SQL, javascript, Git, Redis, rest apis",37/100,Video call UI with WebRTC,
Pranav Sharma,pranav.sharma@student.example.edu,+91 60946 15101,BITS Hyderabad,Electronics & Communication,88.8%,0,"restful apis,node,github,typescript,DSA,reactjs,postgres",81,Food delivery app clone;Video call UI with WebRTC;Expense tracker in React,ML intern at a healthtech company
Karthik Mishra,,9029480238,bits goa,Mathematics and Computing,8.93 CGPA,0,"algorithms, REST APIs, amazon web services, node, C++, webrtc",56,Job queue with retries and dead letters | URL shortener with Redis caching,-
Parth Agarwal,parth.agarwal01@student.example.edu,7880012927,MIT Manipal,C.S.E,6.54,0,"React, Redis, SQL, Git, javascript, PYTHON3, DSA, REST API",34/100,Accessible component library,NA
ANANYA AHMED,ananya.ahmed01@student.example.edu,+91-7133735594,IIT Chennai,Maths & Computing,7.94,0,System Design; SQL; react; docker; JavaScript; REST APIs; DSA; node,52,Campus events app,ML intern at a healthtech company
Tejas Khan,tejas.khan@student.example.edu,+91 82968 16442,BITS Goa,Computer Science,7.34,-,C++; git; Redis; DSA; python3; restful apis,32,,Research intern at a university lab
Ashwin Thomas,ASHWIN.THOMAS24@STUDENT.EXAMPLE.EDU,+91 81849 43455,MIT-Manipal,CS,6.64,0,python; Flask; Git; Pandas; Linux,66,Movie recommender with collaborative filtering,NA
WASEEM SINGH,waseem.singh11@student.example.edu,70749-69611,NITK,ECE,8.5/10,NIL,"postgresql,Git,Spring Boot,dsa,restful apis,docker,C++,REDIS,APACHE KAFKA,system design",50,URL shortener with Redis caching | Payment reconciliation service,-
Anirudh Shenoy,anirudh.shenoy@student.example.edu,+91-9752231530,BITS Hyderabad,Mechanical,75.4%,NIL,Go | rest apis | DATA STRUCTURES | Git | node.js | SQL,21,,-
Zoya Patel,zoya.patel99@student.example.edu,+91 69445 08589,IIT Bombay,ECE,8.52,0,Git | hld | Docker | python3 | DSA | amazon web services,87,Kubernetes autoscaler experiment | Cloud cost monitor | CI pipeline with automatic rollbacks | Self-hosted metrics stack,-
Waseem Desai,waseem.desai07@student.example.edu,7390129838,iit roorkee,CS,8.45,0,"docker,DSA,k8s,Git,amazon web services,go,REST APIs,postgresql",46,CI pipeline with automatic rollbacks; Kubernetes autoscaler experiment,-
KAVYA RAO,kavya.rao24@student.example.edu,7047110529,NIT Warangal,Comp Sci,78.5%,0,"typescript,react,data structures,Git,java,Redis,REST APIs,SQL",67,Expense tracker in React,NA
Joel Ghosh,JOEL.GHOSH03@STUDENT.EXAMPLE.EDU,7467623897,BITS Hyderabad,Comp Sci,8.0/10,Nil,gcp | docker | git | data structures and algorithms | Go,49,Load balancer simulation; Log pipeline on Kafka,Backend intern at a SaaS company
Farah Kumar,,8914394136,Manipal Institute of Technology,E&C,7.39,1 active,"Git, JavaScript, data structures and algorithms, Node.js, REST APIs, docker",25/100,,NA
LAKSHMI SHARMA,lakshmi.sharma@student.example.edu,+91 95772 63598,NITC,CSE,8.39,1,"amazon web services,HLD,dsa,Node.js,JavaScript,REST APIs,postgresql,github,react",67,Food delivery app clone | Campus events app,None
Kunal Ahmed,kunal.ahmed@student.example.edu,+91-7105954529,NIT Karnataka,Computer Science and Engineering,7.23,0,Node.js | REST APIs | DSA | JavaScript | redis | SQL | GITHUB | java,31,Campus events app,
Prateek Varghese,prateek.varghese03@student.example.edu,9712101400,IITB,Comp Sci,7.28,None,"redis, JavaScript, RESTFUL APIS, git, React, dsa",Absent,Real-time collaborative whiteboard;Expense tracker in React,Data intern at an analytics firm
Deepika Prabhu,deepika.prabhu07@student.example.edu,09347587187,NIT Trichy,Mechanical Engineering,7.2/10,-,"aws, Git, SQL, DSA, python, Machine Learning, LINUX, flask",67/100,Churn prediction model; Movie recommender with collaborative filtering,Frontend intern at an edtech startup
Karan Kamath,karan.kamath@student.example.edu,06872648783,MIT Manipal,CSE,7.0/10,0,Machine Learning | Pandas | dsa | Python | Git | Linux,34,Movie recommender with collaborative filtering,None
  Parth   Patel ,PARTH.PATEL24@STUDENT.EXAMPLE.EDU,+91-7866727739,NIT Calicut,ECE,,Nil,"Git,System Design,Python,Flask,DSA,SQL",37/100,Sales forecasting dashboard | Resume parser with NLP,-
Siddharth Fernandes,siddharth.fernandes11@student.example.edu,+91-8534694174,BITS Goa,Mech,6.53,-,"Linux, springboot, postgresql, C++, node, git, REST APIs",13,Order service with Kafka events,NA
Anusha Mehta,anusha.mehta@student.example.edu,07323947775,IITM,CS,7.42,NIL,"Node.js,POSTGRES,REST APIs,go,Linux,algorithms,Git",53,Rate limiter for a public API,None
Shruti Kapoor,shruti.kapoor99@student.example.edu,+91 70943 67686,BITS Hyderabad,Comp Sci,7.00,NIL,"JavaScript,REST APIs,NODE.JS,Redis,DSA,Git",17,,-
Ananya Mehta,ananya.mehta01@student.example.edu,77814-51736,NIT Kozhikode,C.S.E,6.90,0,aws | Git | Spring Boot | rest api | C++ | Django,58,Chat server on WebSockets,None
CHIRAG JAIN,chirag.jain24@student.example.edu,9890388968,manipal institute of technology,Electronics and Communication,81.0%,None,"rest apis, java, postgres, apache kafka, DATA STRUCTURES AND ALGORITHMS, Git",58,Rate limiter for a public API | Distributed key-value store in Go | Payment reconciliation service | Order service with Kafka events,ML intern at a healthtech company
Manish Tiwari,MANISH.TIWARI11@STUDENT.EXAMPLE.EDU,+91 86304 88919,BITS Pilani,CSE,,0,"Python,aws,gcp,DSA,linux,github,postgresql",32/100,,
Prateek Reddy,prateek.reddy@student.example.edu,62785-61663,NIT Calicut,CSE,8.87 CGPA,-,redis; system design; ts; REST APIs; mysql; dsa; node.js; git,77,Real-time collaborative whiteboard | Campus events app | Video call UI with WebRTC,-
Gaurav Bose,gaurav.bose99@student.example.edu,7385880458,nit calicut,CS,8.46,-,"TypeScript,Git,React,REST APIs,DSA,aws",77,Accessible component library,Platform intern at a cloud services firm
zoya pai,zoya.pai@student.example.edu,83548-35585,NIT Warangal,CSE,6.44 CGPA,Nil,node | TypeScript | rest api | SQL | Git | Redis | java,32,,None
Swati Bose,swati.bose07@student.example.edu,7663524058,"MIT, Manipal",CS,79.3%,0,"Git, Java, Spring Boot, DSA, AMAZON WEB SERVICES, microservices, rest apis",-,Job queue with retries and dead letters; Rate limiter for a public API,NA
Sameer Menon,sameer.menon25@student.example.edu,6315148241,MAHE Manipal,Electronics & Communication,7.28,0,"Go, Microservices, Node.js, javascript, Git, rest apis, DSA, SQL, spring boot",19,,None
ARVIND NAIDU,arvind.naidu99@student.example.edu,87514-17215,IIT Bombay,Electrical Engineering,8.18,NIL,"Spring Boot, Microservices, cpp, Docker, sql, DSA, git, rest apis, django",64,Chat server on WebSockets | Order service with Kafka events,
NISHA DESAI,nisha.desai24@student.example.edu,08574683878,NIT Calicut,I.T.,7.6/10,Nil,"Redis,Kafka,git,Microservices,aws,C++,REST API",32,Distributed key-value store in Go,
Navya Nair,,65982-69231,IIT Kharagpur,CSE,6.84,0,"github, TS, REST APIs, React",35,,-
Sameer Ghosh,sameer.ghosh07@student.example.edu,07865551151,IIT Kharagpur,Information Technology,7.11,2 active,SQL | kafka | redis | Git | Docker | Go,5,,-
Shruti Desai,shruti.desai03@student.example.edu,6068813340,Manipal Institute of Technology,Electrical Engineering,8.10,0,GCP | aws | Docker | git | golang | REST APIs | algorithms,66,Self-hosted metrics stack; CI pipeline with automatic rollbacks,SDE intern at a fintech startup
Gauri Sharma,gauri.sharma25@student.example.edu,7113268837,NIT Trichy,Mathematics and Computing,7.11,1,"SQL, python, Git, flask, DSA, AWS, REST APIs",49,Movie recommender with collaborative filtering; Churn prediction model,
Nisha Naidu,nisha.naidu11@student.example.edu,+91-6764724110,iit kharagpur,EE,8.04,None,Git; Python; machine learning; flask; DSA; PANDAS; postgresql,63/100,Resume parser with NLP; Sales forecasting dashboard,NA
VIDYA JOSHI,vidya.joshi03@student.example.edu,07629491167,NIT Trichy,Mathematics and Computing,7.27,0,restful apis | Git | golang | Docker | gcp | MYSQL | DSA | Java | Kubernetes,35,Cloud cost monitor | Kubernetes autoscaler experiment,NA
trisha iyer,trisha.iyer@student.example.edu,6741755431,BITS Hyd,EE,7.19,0,"node, Redis, restful apis, POSTGRES, Java, LINUX",52,Chat server on WebSockets; Job queue with retries and dead letters,None
Aarav Chatterjee,aarav.chatterjee24@student.example.edu,6492429510,MIT-Manipal,CS,8.00,1 active,"Redis,GITHUB,DSA,REST APIs,JavaScript",-,Video call UI with WebRTC,NA
Rakesh Saxena,rakesh.saxena24@student.example.edu,9838772555,manipal institute of technology,Comp Sci,7.41,0,"DSA, restful apis, git, Flask, Python, postgresql",39,,NA
Siddharth Saxena,siddharth.saxena11@student.example.edu,+91 62879 03730,IITD,Comp Sci,77.7%,0,"WebRTC,Git,python,docker",80,Cloud cost monitor; Load balancer simulation,
Chirag Kumar,chirag.kumar11@student.example.edu,9940917953,NIT Warangal,Electronics & Communication,7.76,0,Python; Docker; Machine Learning; GIT; LINUX; SQL,47,,
Nandini Jain,nandini.jain25@student.example.edu,+91-7374190885,bits goa,I.T.,8.7/10,Nil,mysql; System Design; Linux; algorithms; REST APIs; Python,91,Self-hosted metrics stack;Cloud cost monitor;Kubernetes autoscaler experiment,None
ISHAAN PAI,ishaan.pai@student.example.edu,6120980021,nit warangal,Computer Science,6.11,1 active,"JAVA, DSA, docker, Python, git, REST APIs",29,,None
Sahil Khan,sahil.khan@student.example.edu,8283306801,BITS-Goa,M&C,8.57,0,"linux, github, algorithms, go, rest apis, SQL",78,Log pipeline on Kafka | CI pipeline with automatic rollbacks | Self-hosted metrics stack,NA
Arvind Banerjee,arvind.banerjee@student.example.edu,77681-37666,BITS Pilani,CS,69.3%,NIL,AWS; TypeScript; MYSQL; Redis; data structures; Git; docker; REST APIs,17,,-
Aditi Chauhan,aditi.chauhan11@student.example.edu,+91-9725297731,bits goa,Information Technology,,0,"REST APIs, postgres, Redis, data structures and algorithms, github, Linux, AWS, go, docker",59,Payment reconciliation service,Data intern at an analytics firm
ANIRUDH DAS,anirudh.das99@student.example.edu,+91-6415016696,"MIT, Manipal",Electrical,7.9/10,None,Node.js; Git; sql; DSA; JavaScript; react.js; REST APIs,43,Expense tracker in React,
pranav banerjee,pranav.banerjee25@student.example.edu,08797111748,IIT Roorkee,Information Technology,77.6%,None,Git; LINUX; REST APIs; data structures and algorithms; HLD; java,52/100,Distributed key-value store in Go | Rate limiter for a public API,Platform intern at a cloud services firm
Soham Sinha,soham.sinha03@student.example.edu,09303583724,NIT Surathkal,E&C,8.04,-,"GIT,System Design,data structures and algorithms,aws,Go,SQL",66,Log pipeline on Kafka | CI pipeline with automatic rollbacks | Load balancer simulation | Kubernetes autoscaler experiment,
Aditi Dutta,,06582051569,NIT Karnataka,I.T.,8.2/10,None,"JavaScript, git, Redis, DSA, REST APIs, Node.js",47,Real-time collaborative whiteboard,None
zoya ghosh,zoya.ghosh@student.example.edu,+91-7898706001,BITS Pilani Hyderabad,CSE,7.47 CGPA,1 active,"golang, REST APIs, K8S, SQL, Git, data structures and algorithms, GCP",57,Self-hosted metrics stack | Kubernetes autoscaler experiment,Research intern at a university lab
Vivaan Krishnan,vivaan.krishnan@student.example.edu,+91 93802 01639,nit warangal,IT,8.56,Nil,"linux, AWS, Python, DSA, postgres",62,Movie recommender with collaborative filtering;Call-quality anomaly detector;Resume parser with NLP,-
PARTH BOSE,,+91-7405345023,manipal institute of technology,C.S.E,7.36,2,kubernetes; Python; DSA; cpp; Git; rest apis,39,Log pipeline on Kafka;CI pipeline with automatic rollbacks,NA
Meera Verma,meera.verma24@student.example.edu,+91 88556 73073,NITW,CS,5.78,None,Git | algorithms | SQL | REST APIs | C++ | Node.js,22,Payment reconciliation service,None
Karthik Mishra,karthik.mishra24@student.example.edu,+91-9029480238,bits goa,Mathematics and Computing,8.93 CGPA,0,"algorithms, REST APIs, amazon web services, node, C++, webrtc",56,Job queue with retries and dead letters | URL shortener with Redis caching,-
IRFAN SAXENA,irfan.saxena07@student.example.edu,09310574672,IIT Madras,EE,8.80,0,gcp; Git; DSA; AWS; python3; k8s; SQL,77,Log pipeline on Kafka; CI pipeline with automatic rollbacks; Cloud cost monitor; Self-hosted metrics stack,SDE intern at a fintech startup
fathima iyer,fathima.iyer11@student.example.edu,+91 90213 10965,IIT Kharagpur,E&C,8.5/10,0,git | data structures | Linux | restful apis | Python | SQL | Flask,69/100,Movie recommender with collaborative filtering; Call-quality anomaly detector; Churn prediction model,NA
Vivaan Shenoy,vivaan.shenoy99@student.example.edu,9676194985,NIT Calicut,Mathematics and Computing,90.0%,Nil,github | Node.js | Redis | MYSQL | microservices | Go | DSA | restful apis | hld,80,Order service with Kafka events; Payment reconciliation service; URL shortener with Redis caching,Frontend intern at an edtech startup
Hrithik Pillai,hrithik.pillai01@student.example.edu,6999954837,nit calicut,EEE,8.00,None,"SQL,js,Redis,Git,typescript,REST API,Node.js,DATA STRUCTURES",42,Campus events app; Food delivery app clone; Accessible component library,NA
Hrithik Chatterjee,hrithik.chatterjee07@student.example.edu,+91-8836483845,IITM,Mech,6.37,1,DSA; Python; Linux; REST API; flask; SQL,53,Fraud detection on card transactions,None
Karan Naidu,karan.naidu03@student.example.edu,74943-77848,MIT Manipal,CSE,6.25,2 active,google cloud; C++; github; SQL; data structures; Go; System Design,43,CI pipeline with automatic rollbacks,Research intern at a university lab
Sruthi Sen,SRUTHI.SEN25@STUDENT.EXAMPLE.EDU,+91 98373 27507,IIT Madras,IT,7.92,2,Python; java; REST APIs; dsa; GITHUB; Django,62,Chat server on WebSockets;Job queue with retries and dead letters,Frontend intern at an edtech startup
Jahnavi Jain,jahnavi.jain24@student.example.edu,07555673244,BITS Pilani,CSE,82.9%,None,DSA; microservices; REST APIs; Go,61/100,URL shortener with Redis caching,None
SAMEER SINGH,sameer.singh@student.example.edu,+91 77063 02172,IITB,CSE,7.7/10,-,"data structures, redis, restful apis, SQL, React, git, ts",40/100,Expense tracker in React,
JATIN BANERJEE,jatin.banerjee07@student.example.edu,+91 80057 71037,BITS Goa,ECE,6.5/10,Nil,"redis, TYPESCRIPT, React, GIT, SQL",17,,
  Mihir   Thomas ,mihir.thomas07@student.example.edu,8057610712,IIT Delhi,EE,8.18,0,javascript | rest api | DSA | github | Redis,79,Accessible component library | Expense tracker in React | Real-time collaborative whiteboard,None
Vedant Joshi,vedant.joshi07@student.example.edu,6142450154,IIT Bombay,Electronics and Communication,7.43,0,"node, TypeScript, Git, System Design, restful apis, docker, SQL",45,Accessible component library; Campus events app,NA
AARAV JAIN,AARAV.JAIN@STUDENT.EXAMPLE.EDU,96542-07165,BITS Pilani,ECE,8.28,0,"Go, NODE.JS, github, data structures, REST APIs",97,Job queue with retries and dead letters; Chat server on WebSockets; Order service with Kafka events,-
Pranav Pillai,pranav.pillai11@student.example.edu,+91 71153 63422,IIT-Bombay,MnC,7.50,NIL,algorithms; django; rest apis; Redis; Kafka; GO; git,32,Order service with Kafka events,Platform intern at a cloud services firm
Rohan Tiwari,rohan.tiwari03@student.example.edu,6795557105,IITB,CSE,6.99,2,"Docker, GIT, Machine Learning, python3",-,Sentiment tracker for app reviews;Fraud detection on card transactions,None
Mihir Banerjee,mihir.banerjee11@student.example.edu,6884052629,MIT Manipal,CSE,69.3%,0,"Git, docker, restful apis, apache kafka, SQL, GOLANG, C++",29/100,URL shortener with Redis caching,-
Jatin Verma,jatin.verma@student.example.edu,8018029148,NIT Trichy,ECE,7.87 CGPA,0,"Linux,SQL,rest apis,Django,Node.js,Java,algorithms",49,Rate limiter for a public API;Chat server on WebSockets,
Darshan Chatterjee,darshan.chatterjee07@student.example.edu,6043624975,nit calicut,Computer Science,8.69,1 active,"NODE.JS, kafka, redis, c++, SQL, Docker, git, DSA, JavaScript",60,Distributed key-value store in Go | URL shortener with Redis caching | Order service with Kafka events,Platform intern at a cloud services firm
Varun Sen,varun.sen03@student.example.edu,8032724654,iit kharagpur,CSE,6.57,Nil,"Git, Redis, AWS, REST APIs, JavaScript",5,,
Navya Mehta,NAVYA.MEHTA@STUDENT.EXAMPLE.EDU,+91 60190 22955,I.I.T. Delhi,Comp Sci,7.53,Nil,"Git, node, postgresql, typescript, DSA, rest apis",61,,Data intern at an analytics firm
Mehul Shetty,mehul.shetty25@student.example.edu,9757164293,NITK Surathkal,Mathematics and Computing,7.44,None,machine learning | postgresql | Pandas | rest apis | github | python,52,Churn prediction model,NA
Tejas Naidu,tejas.naidu25@student.example.edu,6190751919,NIT Warangal,CS,90.8%,0,"JavaScript, git, system design, docker, node, DSA, REST APIs, postgres",63,Video call UI with WebRTC | Accessible component library | Real-time collaborative whiteboard,-
  Irfan   Prabhu ,IRFAN.PRABHU99@STUDENT.EXAMPLE.EDU,9113037786,MIT Manipal,Mechanical,76.0%,Nil,"Linux,ALGORITHMS,Kubernetes,Git,Python",32,Kubernetes autoscaler experiment; CI pipeline with automatic rollbacks,Research intern at a university lab
Riya Kulkarni,riya.kulkarni99@student.example.edu,66667-70265,NITT,ECE,7.33,Nil,"REST APIs, SQL, data structures and algorithms, javascript, react.js, Node.js",16,,None
Ruchi Kumar,ruchi.kumar03@student.example.edu,06135914692,IIT Roorkee,C.S.E,8.38,-,flask | linux | SQL | Python | REST APIs | Git | algorithms,44,Resume parser with NLP | Movie recommender with collaborative filtering,SDE intern at a logistics startup
Sneha Jain,sneha.jain@student.example.edu,8408827324,BITS Pilani,Information Technology,7.82 CGPA,NIL,"dsa, GCP, python3, amazon web services, hld",24,,None
Sanjana Shenoy,sanjana.shenoy@student.example.edu,+91 66937 56076,NITK Surathkal,Computer Science and Engineering,8.01,-,"amazon web services,REST APIs,Git,postgres,React,docker,DSA,javascript",66,Food delivery app clone | Campus events app | Real-time collaborative whiteboard,-
Sneha Ahmed,sneha.ahmed@student.example.edu,+91 82520 03093,NIT Trichy,MnC,8.21 CGPA,Nil,SQL; go; DSA; django,31/100,Job queue with retries and dead letters; Distributed key-value store in Go,None
chirag chatterjee,chirag.chatterjee24@student.example.edu,8677877112,NIT Surathkal,MnC,6.92,Nil,TypeScript; Git; React; REDIS; rest apis,22/100,Food delivery app clone; Expense tracker in React,
navya verma,navya.verma@student.example.edu,8539073642,Manipal Institute of Technology,CSE,7.72 CGPA,1 active,"REST APIs, docker, SQL, go, linux, github, Java, AWS",64/100,Cloud cost monitor;Log pipeline on Kafka,SDE intern at a fintech startup
Shreya Nair,shreya.nair03@student.example.edu,+91 97916 80981,BITS-Pilani,E&C,7.80,NIL,postgresql | python3 | Pandas,35,Resume parser with NLP,ML intern at a healthtech company
Anirudh Rao,anirudh.rao01@student.example.edu,+91 90212 05317,IIT-Bombay,CSE,7.0/10,Nil,github | cpp | SQL | REST APIs | DSA | django,44,Inventory API with role-based access,None
Anjali Sen,anjali.sen25@student.example.edu,+91 63162 78012,IIT Madras,CSE,7.9/10,0,golang | Linux | Redis | MICROSERVICES | REST APIs | GIT,35,Chat server on WebSockets,
Riya Fernandes,riya.fernandes01@student.example.edu,77171-95038,NITW,Computer Science and Engineering,8.31,1,"data structures and algorithms, rest api, JavaScript, spring boot, SQL, c++, NODE.JS",40,Job queue with retries and dead letters,
rohan pillai,rohan.pillai24@student.example.edu,95024-54033,NIT Trichy,CSE,7.34 CGPA,None,"ts, node.js, redis, docker",Absent,Video call UI with WebRTC;Expense tracker in React,-
NANDINI PATEL,nandini.patel03@student.example.edu,6275257871,I.I.T Roorkee,CSE,8.03,0,"Linux, git, C++, springboot, mysql, amazon web services, REST APIs",43,Rate limiter for a public API,-
Arjun Bhat,arjun.bhat11@student.example.edu,+91-8537512059,NIT Calicut,CSE,8.21,Nil,"linux,Python,DSA,rest api,SQL,pandas,docker,Git",72,Resume parser with NLP;Fraud detection on card transactions,
Farah Yadav,farah.yadav@student.example.edu,+91 80075 40221,IIT Kharagpur,Comp Sci,9.07,None,"DSA, SQL, Git, Flask, python3, pandas",73,Movie recommender with collaborative filtering,Backend intern at a SaaS company
Deepika Krishnan,deepika.krishnan03@student.example.edu,06969822176,IIT Bombay,CSE,7.71,Nil,"cpp,Docker,system design,apache kafka,AWS,SQL,Redis,DSA,java,Git,rest apis,WebRTC",52/100,URL shortener with Redis caching;Chat server on WebSockets,
Prateek Mehta,prateek.mehta11@student.example.edu,+91 95289 26194,NIT Calicut,CS,8.29,-,dsa | System Design | github | javascript | SQL | Node.js,58,Accessible component library; Campus events app; Food delivery app clone,Research intern at a university lab
Aditya Verma,aditya.verma01@student.example.edu,9704317801,IIT Roorkee,CSE,8.24,None,Git | Python | DSA | Linux | AWS | REST APIs | postgres,80,Kubernetes autoscaler experiment | Self-hosted metrics stack,
Pranav Verma,pranav.verma01@student.example.edu,07351624516,BITS Pilani,ECE,97.6%,0,"SQL, Pandas, Python, restful apis, machine learning, github, ALGORITHMS, Linux",78,Resume parser with NLP; Churn prediction model; Sales forecasting dashboard,
Zoya Ahmed,zoya.ahmed25@student.example.edu,6532817070,NIT Surathkal,E&C,7.26,0,"SQL, Git, JavaScript, DSA, Redis, restful apis",40,Real-time collaborative whiteboard,None
Bhavya Singh,BHAVYA.SINGH07@STUDENT.EXAMPLE.EDU,8164601155,NIT Surathkal,CSE,8.57 CGPA,0,Java | hld | linux | microservices | DSA | mysql | restful apis | git | redis,74,Rate limiter for a public API | Job queue with retries and dead letters,SDE intern at a fintech startup
Manish Das,manish.das@student.example.edu,+91 73840 10340,NIT Kozhikode,Computer Science and Engineering,8.34,1 active,"Machine Learning, WebRTC, DSA, Git, REST APIs, Flask, Pandas, Python",29/100,Sentiment tracker for app reviews,Backend intern at a SaaS company
GAURI IYER,gauri.iyer07@student.example.edu,+91 92241 47143,iit bombay,E&C,8.74,0,"Git, hld, algorithms, go, Django, python",72/100,Payment reconciliation service; Rate limiter for a public API; URL shortener with Redis caching,Platform intern at a cloud services firm
Mehul Iyer,mehul.iyer@student.example.edu,9984449925,NIT Trichy,CSE,70.6%,NIL,sql | Django | Spring Boot | data structures | rest api | Java | CPP,47,URL shortener with Redis caching,-
Pranav Singh,pranav.singh@student.example.edu,7250368348,NIT Calicut,Maths & Computing,7.17,2,GCP | Python | sql | rest apis | git | Linux | data structures and algorithms,35,,NA
JOEL SHENOY,joel.shenoy@student.example.edu,89600-29441,NIT Warangal,CSE,6.52,0,git | restful apis | DSA | Node.js | go | SQL | cpp,19,Rate limiter for a public API,-
sruthi pai,sruthi.pai24@student.example.edu,+91 60747 02210,IIT Chennai,CSE,7.79,-,Redis; reactjs; github; TypeScript; REST APIs,56,Video call UI with WebRTC,-
KARAN DUTTA,karan.dutta99@student.example.edu,7651485158,IIT Kharagpur,IT,7.13,0,redis; Go; restful apis; django; Git; dsa; springboot,37,Payment reconciliation service; Inventory API with role-based access,-
  Neha   Iyer ,neha.iyer11@student.example.edu,6081655033,BITS-Pilani,IT,70.0%,1 active,"Git, go, sql, DSA, amazon web services",48,Self-hosted metrics stack | Cloud cost monitor,Data intern at an analytics firm
tanvi tiwari,tanvi.tiwari@student.example.edu,+91 85304 22329,NIT Trichy,EE,72.5%,0,"git,linux,flask,python3,REST APIs",37/100,Call-quality anomaly detector | Fraud detection on card transactions,NA
Jahnavi Kumar,jahnavi.kumar01@student.example.edu,+91 74207 86942,NIT Trichy,IT,7.15,-,"SQL, microservices, RESTFUL APIS, DSA, golang, node.js, GITHUB",65,Payment reconciliation service,-
Isha Singh,isha.singh11@student.example.edu,07066858979,iit roorkee,CSE,6.67,0,"SQL, microservices, Java, DSA, Git",39,,-
Ayesha Sharma,ayesha.sharma99@student.example.edu,+91 69717 66976,BITS-Goa,Mechanical Engineering,8.32,0,"sql, GCP, C++, Git, REST APIs, algorithms, PYTHON, System Design",47,Log pipeline on Kafka;Load balancer simulation;Self-hosted metrics stack,NA
Karan Sinha,karan.sinha@student.example.edu,+91 72793 68884,manipal institute of technology,CSE,8.47 CGPA,None,"LINUX, DSA, github, java, Redis, restful apis",47,Order service with Kafka events | URL shortener with Redis caching | Inventory API with role-based access,
Arjun Krishnan,arjun.krishnan99@student.example.edu,7076498255,IITD,CSE,8.28,-,Go; DSA; Spring Boot; Redis; rest api,43,Rate limiter for a public API;Chat server on WebSockets;Payment reconciliation service;Job queue with retries and dead letters,SDE intern at a logistics startup
Jahnavi Singh,jahnavi.singh01@student.example.edu,8112951092,iit bombay,Mechanical Engineering,8.19,None,"spring boot, Git, data structures, go, redis, rest api",76,Distributed key-value store in Go;Rate limiter for a public API,Platform intern at a cloud services firm
  Vivaan   Naidu ,vivaan.naidu25@student.example.edu,9633863793,iit kharagpur,EE,75.8%,0,DSA | REST APIs | C++ | SQL | Git | Linux | Microservices,55,Chat server on WebSockets; Payment reconciliation service,NA
Meera Chauhan,meera.chauhan01@student.example.edu,8993482523,NIT Surathkal,CS,8.21,None,nodejs | SQL | TypeScript | rest api | react | github | DATA STRUCTURES AND ALGORITHMS,75,Real-time collaborative whiteboard,NA
madhav iyer,madhav.iyer11@student.example.edu,7860629428,iit bombay,Computer Science and Engineering,9.36,0,"Git, Linux, rest api, DSA, Go, kubernetes, SQL",,CI pipeline with automatic rollbacks; Kubernetes autoscaler experiment; Self-hosted metrics stack,-
Omkar Kulkarni,omkar.kulkarni@student.example.edu,8474471309,iit bombay,Mechanical Engineering,7.57,0,"DSA, sql, git, aws, LINUX, golang, REST APIs",59,Rate limiter for a public API;Inventory API with role-based access;Distributed key-value store in Go,None
hrithik kumar,hrithik.kumar25@student.example.edu,7146099182,NIT Surathkal,EE,6.76 CGPA,0,"git,DSA,Linux,REST APIs,PYTHON,C++,Spring Boot",31,,
Arvind Das, ARVIND.DAS24@STUDENT.EXAMPLE.EDU ,+91-9175098882,iit kharagpur,Information Technology,7.87,0,"Node.js,django,C++,DSA,Kafka,git,AWS,rest api",28,Rate limiter for a public API;Job queue with retries and dead letters;URL shortener with Redis caching,Backend intern at a SaaS company
Siddharth Desai,siddharth.desai99@student.example.edu,09175034867,IIT Kharagpur,CSE,7.77,0,"Spring Boot, apache kafka, DSA, Python, REST APIS, Git, java",47/100,Order service with Kafka events,NA
Jahnavi Das,jahnavi.das24@student.example.edu,97275-16062,BITS Pilani Goa Campus,Mechanical Engineering,6.46,2,"REST API,React,typescript,SQL,Redis,node.js,Git,DSA",52,Campus events app,-
Lakshmi Ghosh,lakshmi.ghosh99@student.example.edu,+91 93293 24950,BITS Pilani,Electronics and Communication,8.17,0,"DSA,SQL,git,Go,linux",44,Load balancer simulation; Kubernetes autoscaler experiment; Log pipeline on Kafka,Research intern at a university lab
ZOYA SHENOY,zoya.shenoy24@student.example.edu,8571531482,MIT Manipal,ECE,6.7/10,2,"golang,rest api,github,kafka,SQL",8,,-
RAHUL PILLAI,rahul.pillai01@student.example.edu,06941807682,BITS-Pilani,ME,9.43,0,"Go, django, data structures and algorithms, Java, linux, spring boot, SQL, github, rest apis",57/100,Chat server on WebSockets;Order service with Kafka events;Rate limiter for a public API,-
Gokul Dutta,gokul.dutta25@student.example.edu,63080-29570,N.I.T. Warangal,Information Technology,9.70 CGPA,0,JavaScript; github; React; dsa; restful apis,85,Campus events app | Food delivery app clone | Real-time collaborative whiteboard,Backend intern at a SaaS company
NEHA NAIDU,neha.naidu25@student.example.edu,07956144718,MAHE Manipal,CSE,7.51,0,"apache kafka, SQL, Git, data structures, amazon web services, Linux, Docker, Microservices, REST APIs, c++",23,Rate limiter for a public API,
Irfan Singh,irfan.singh07@student.example.edu,8918501534,NIT Warangal,ECE,8.19,NIL,"git, Node.js, REST APIs, react.js, DSA, TypeScript, java",50,Accessible component library;Campus events app,Platform intern at a cloud services firm
RAKESH VARGHESE,,06945024952,IIT Roorkee,CSE,7.98,0,"react.js, DATA STRUCTURES, github, REST APIs, sql, TypeScript",59/100,Accessible component library,
RITHIKA BANERJEE,rithika.banerjee24@student.example.edu,08527225262,NITW,Electronics and Communication,7.96,0,"sql, GIT, hld, WebRTC, Python, Kubernetes",38,CI pipeline with automatic rollbacks,Research intern at a university lab
Deepika Fernandes,deepika.fernandes11@student.example.edu,7351301948,NIT Calicut,C.S.E,7.3/10,0,"git, rest api, linux, Python, google cloud, postgresql",19,,
Hrithik Bhat,hrithik.bhat99@student.example.edu,+91 72357 79656,Manipal Institute of Technology,Mathematics and Computing,76.2%,0,"sql, restful apis, data structures, git, linux, Docker, Python",45,Log pipeline on Kafka; Self-hosted metrics stack,NA
Aniket Hegde,aniket.hegde@student.example.edu,08652096324,iit kharagpur,ECE,94.8%,NIL,kafka | postgres | JavaScript | C++ | data structures | Git,93,Job queue with retries and dead letters | URL shortener with Redis caching | Rate limiter for a public API | Distributed key-value store in Go,Data intern at an analytics firm
Nisha Sen,nisha.sen25@student.example.edu,06059716511,bits hyderabad,CSE,9.78,Nil,js; data structures and algorithms; C++; NODE.JS; rest apis; Git,86/100,Accessible component library | Real-time collaborative whiteboard | Food delivery app clone | Campus events app,Research intern at a university lab
MADHAV CHATTERJEE,madhav.chatterjee11@student.example.edu,+91 82523 46511,IIT Madras,ECE,8.0/10,Nil,REST APIs; DSA; redis; Django; golang; JavaScript; github,58,Inventory API with role-based access | Distributed key-value store in Go | URL shortener with Redis caching,-
Pooja Agarwal,pooja.agarwal25@student.example.edu,79082-26871,BITS Pilani Hyderabad,Mathematics and Computing,7.46,Nil,go; cpp; SQL; linux; AWS,35,,NA
sruthi jain,sruthi.jain03@student.example.edu,+91-6374627156,NIT Warangal,ECE,8.88,None,"REST APIs,algorithms,System Design,Django,JavaScript,Git,C++,postgres,springboot",71/100,Job queue with retries and dead letters | Chat server on WebSockets,None
Sahil Jain,SAHIL.JAIN@STUDENT.EXAMPLE.EDU,86907-82378,MIT Manipal,E&C,8.21 CGPA,0,Flask | Linux | DSA | Pandas | Python | sql | Git,53,Call-quality anomaly detector; Churn prediction model,Data intern at an analytics firm
Ananya Varghese,ananya.varghese24@student.example.edu,+91 62968 32944,BITS Goa,ECE,7.88,0,"Git,typescript,Redis,HLD,NODE,REST APIs",22,,-
ANANYA KUMAR,ananya.kumar@student.example.edu,61561-12248,NIT Trichy,CSE,8.21,NIL,"postgresql, Go, GITHUB, Node.js, redis, dsa, REST APIs",59,Job queue with retries and dead letters;Distributed key-value store in Go,NA
Gauri Yadav,GAURI.YADAV25@STUDENT.EXAMPLE.EDU,81316-62594,NITK Surathkal,EE,7.52,0,JavaScript; git; Redis; SQL; REST APIs,42,Expense tracker in React; Real-time collaborative whiteboard,
Mehul Mehta,mehul.mehta25@student.example.edu,+91-7792211631,"MIT, Manipal",CSE,78.1%,0,"k8s, cpp, SQL, REST APIs, Go, Docker, Git, Linux",51,CI pipeline with automatic rollbacks,-
neha patel,neha.patel99@student.example.edu,88719-55357,IIT Roorkee,Computer Science and Engineering,7.70,0,"python3, REST APIs, dsa, GIT, Linux, docker",42,CI pipeline with automatic rollbacks,
Sruthi Kulkarni,SRUTHI.KULKARNI03@STUDENT.EXAMPLE.EDU,+91-8494856742,IIT Roorkee,C.S.E,,0,dsa; Flask; Linux; Git; Python; SQL; rest api,44,Churn prediction model,Frontend intern at an edtech startup
  Zoya   Sinha ,ZOYA.SINHA01@STUDENT.EXAMPLE.EDU,+91 95222 68991,nit warangal,Mech,8.56,NIL,nodejs | DSA | REST APIs | TS | github | postgresql | react.js | Redis,78/100,Campus events app; Expense tracker in React,None
Irfan Gupta,irfan.gupta24@student.example.edu,+91 89976 56677,IIT Bombay,C.S.E,,None,"REST APIs,POSTGRESQL,Git,DSA,Node.js,JAVASCRIPT",86/100,Video call UI with WebRTC;Expense tracker in React,-
Ashwin Saxena,ashwin.saxena@student.example.edu,7066422160,nit calicut,Electronics & Communication,7.05 CGPA,0,"Python,data structures,Git,SQL,LINUX",34,,None
Shreya Iyer,shreya.iyer03@student.example.edu,6837098143,BITS Pilani,Computer Science,8.25,Nil,"microservices,C++,Node.js,SQL,REST APIs,System Design,Spring Boot,dsa,Git",80/100,Rate limiter for a public API; Payment reconciliation service; Order service with Kafka events,ML intern at a healthtech company
Gauri Kulkarni,gauri.kulkarni25@student.example.edu,9767825836,I.I.T. Delhi,Computer Science and Engineering,7.64,-,TypeScript; DSA; SQL; github; node,20,,None
gaurav sen,GAURAV.SEN11@STUDENT.EXAMPLE.EDU,+91 64912 08624,IIT Kharagpur,Mechanical Engineering,8.19 CGPA,NIL,"DSA,Git,c++,spring boot,rest apis",70,Order service with Kafka events; Rate limiter for a public API,Platform intern at a cloud services firm
Rakesh Banerjee,rakesh.banerjee03@student.example.edu,+91 60406 34320,NIT Trichy,CS,8.38,None,Git; REST APIs; typescript; SQL; React,39,Real-time collaborative whiteboard;Food delivery app clone,Backend intern at a SaaS company
  Ananya   Thomas ,ananya.thomas07@student.example.edu,+91 69251 77147,"MIT, Manipal",CSE,7.7/10,-,"Machine Learning,SQL,DSA,REST APIs,git,Python",58,Fraud detection on card transactions,-
Mehul Rao,mehul.rao01@student.example.edu,7438402964,iit kharagpur,EE,8.25 CGPA,Nil,"REST APIS,Linux,Python,git,DATA STRUCTURES,system design,pandas,sql",54/100,Sentiment tracker for app reviews;Fraud detection on card transactions,Backend intern at a SaaS company
Mihir Naidu,mihir.naidu@student.example.edu,+91 66261 94795,nit warangal,CSE,7.46,0,"Git, REST APIs, System Design, SQL, apache kafka, cpp, Django",,Inventory API with role-based access,-
Anjali Bose,anjali.bose25@student.example.edu,8379957237,IITD,C.S.E,8.60,NIL,SQL | REST APIs | pandas | DATA STRUCTURES | Python | hld,74,Churn prediction model;Resume parser with NLP,Research intern at a university lab
GOKUL THOMAS,GOKUL.THOMAS@STUDENT.EXAMPLE.EDU,6996657913,MIT-Manipal,IT,7.53,-,"REST API, Linux, SQL, Git, Python, system design, machine learning",25,Resume parser with NLP,SDE intern at a fintech startup
HARINI SINHA,harini.sinha@student.example.edu,+91 62863 98347,BITS Hyderabad,Computer Science,7.86,Nil,"SQL, redis, DSA, Spring Boot, Go",51,Distributed key-value store in Go; Job queue with retries and dead letters,NA
AYESHA THOMAS,ayesha.thomas11@student.example.edu,6794912170,IITM,CSE,7.52,-,"data structures and algorithms,Git,Go,REST APIs,Node.js",40,URL shortener with Redis caching,None
Nandini Mishra,nandini.mishra99@student.example.edu,96224-81857,iit kharagpur,I.T.,7.2/10,-,"amazon web services,SQL,docker,microservices,Git,Go,restful apis,Node.js",28,,None
Prateek Dutta,prateek.dutta24@student.example.edu,+91-7120494684,manipal institute of technology,ECE,81.0%,0,FLASK | C++ | REST APIs | system design | dsa | ML | SQL | python,44,Sales forecasting dashboard,-
tanvi krishnan,tanvi.krishnan99@student.example.edu,+91 95270 01142,NIT Warangal,Comp Sci,7.80 CGPA,None,"SQL, pandas, flask, restful apis, git, Python, DSA",95,Sales forecasting dashboard; Fraud detection on card transactions,-
aniket mishra,,98504-31262,Manipal Institute of Technology,Comp Sci,8.29 CGPA,-,"Linux,webrtc,C++,Node.js,django,postgresql,ALGORITHMS",62,Order service with Kafka events | Chat server on WebSockets | Distributed key-value store in Go,Frontend intern at an edtech startup
Aditya Desai,aditya.desai07@student.example.edu,6346160508,iit roorkee,ECE,7.34 CGPA,Nil,GIT; microservices; rest apis; Java; DSA; Node.js; SQL,58,Payment reconciliation service; Distributed key-value store in Go,Platform intern at a cloud services firm
Riya Yadav,riya.yadav11@student.example.edu,+91 62633 30141,NIT Trichy,Electronics & Communication,79.8%,0,"postgres,Redis,AWS,DSA,github,RESTFUL APIS,WebRTC,js",62,Food delivery app clone,NA
navya rao,navya.rao25@student.example.edu,+91-8617066644,BITS-Goa,IT,6.93,0,"golang, rest apis, JavaScript, Django, docker, amazon web services, LINUX, Microservices",26,Rate limiter for a public API,NA
Jatin Thomas,JATIN.THOMAS@STUDENT.EXAMPLE.EDU,+91 95187 58063,BITS Hyderabad,C.S.E,8.34,Nil,"Microservices, Git, DSA, REST APIs, SQL, cpp, Redis",81,Rate limiter for a public API,Backend intern at a SaaS company
Akash Fernandes,akash.fernandes11@student.example.edu,9652710079,IIT Bombay,CSE,6.06,2,Redis | rest apis | github | javascript | DSA,44,Expense tracker in React | Real-time collaborative whiteboard,-
arjun joshi,arjun.joshi01@student.example.edu,+91-9486255681,BITS Goa,Electrical,9.57 CGPA,Nil,"node, ts, React, DSA, System Design, Python, Git, SQL, REST APIs",86,Video call UI with WebRTC;Campus events app;Real-time collaborative whiteboard,SDE intern at a logistics startup
Bhavya Kumar,BHAVYA.KUMAR07@STUDENT.EXAMPLE.EDU,+91 67633 20864,Indian Institute of Technology Bombay,Mechanical,7.6/10,NIL,sql; Redis; react; DSA; typescript; REST APIs; git; Node.js,Absent,Video call UI with WebRTC | Campus events app | Expense tracker in React,
Irfan Kumar,irfan.kumar@student.example.edu,+91-9027733496,IITM,CSE,7.69,0,"GO, aws, REST APIs, DSA, linux, Docker, POSTGRES, Git",40,Inventory API with role-based access,Frontend intern at an edtech startup
Anjali Shenoy,anjali.shenoy01@student.example.edu,9198552442,IIT Kharagpur,CSE,8.31,1 active,"mysql, rest api, C++, Kafka, git, DSA",43,Rate limiter for a public API | Order service with Kafka events,-
Ashwin Iyer,ashwin.iyer@student.example.edu,06134914082,BITS-Goa,Mechanical,8.26,0,"REST APIs, sql, AWS, algorithms, Kubernetes, DOCKER, Git, System Design, Python",66/100,Kubernetes autoscaler experiment,None
Kunal Sharma,kunal.sharma99@student.example.edu,6351922843,NIT Warangal,MnC,8.2/10,0,"REST APIs,java,docker,Kafka,algorithms,git",56,Order service with Kafka events | Job queue with retries and dead letters | Payment reconciliation service,
Siddharth Bose,SIDDHARTH.BOSE07@STUDENT.EXAMPLE.EDU,6463848443,NITK Surathkal,Computer Science and Engineering,6.27,NIL,"Python, amazon web services, google cloud, Linux, git",,Self-hosted metrics stack,
Uday Saxena,UDAY.SAXENA03@STUDENT.EXAMPLE.EDU,8608893672,nit trichy,Electronics and Communication,7.21,0,"redis, Django, DSA, java, Git, REST APIs",40,,None
Trisha Patel,trisha.patel01@student.example.edu,08059710576,nit calicut,CSE,8.20,-,"springboot, Django, Git, amazon web services, REST APIs, microservices, Java, mysql",50/100,Distributed key-value store in Go; Order service with Kafka events; Payment reconciliation service,Research intern at a university lab
Shruti Chauhan,shruti.chauhan24@student.example.edu,6197775476,IIT Delhi,Electrical Engineering,8.71,0,"Spring Boot, c++, Node.js, django, Git, rest api",66,Distributed key-value store in Go;Rate limiter for a public API,NA
mehul kapoor,mehul.kapoor03@student.example.edu,+91 89629 15240,NIT Trichy,Comp Sci,6.79,0,"data structures, linux, ml, SQL, REST APIs, Python",33,,
sanjana verma,sanjana.verma01@student.example.edu,+91-9166687123,iit kharagpur,CSE,7.61,None,"REDIS, Node.js, REST APIs, postgres, Go, DSA",32,,None
VIVAAN TIWARI,vivaan.tiwari25@student.example.edu,7359612095,NIT Tiruchirappalli,EE,7.89 CGPA,-,"Docker,Python,pandas,Machine Learning,flask,SQL,data structures and algorithms",50,Sentiment tracker for app reviews,Research intern at a university lab
Soham Thomas,soham.thomas@student.example.edu,8852417175,MIT Manipal,Computer Science,7.17,1 active,"node.js, Redis, rest api, typescript, amazon web services, postgresql, github",21,,
SOHAM GHOSH,soham.ghosh99@student.example.edu,+91-6650872740,BITS Pilani,CSE,82.8%,NIL,node; js; SQL; React; rest api; Git; data structures and algorithms,59,Campus events app,None
Divya Bose,divya.bose24@student.example.edu,+91 69520 68698,NIT Surathkal,Comp Sci,72.0%,-,Docker; python3; Flask; DSA; GIT,46,Resume parser with NLP;Call-quality anomaly detector,None
Shruti Reddy,shruti.reddy11@student.example.edu,07821988624,NITK,C.S.E,6.8/10,NIL,go; Java; SQL; hld; data structures; Node.js; REST APIs,40,URL shortener with Redis caching,SDE intern at a fintech startup
Mehul Pai,MEHUL.PAI24@STUDENT.EXAMPLE.EDU,78872-70229,IITD,EE,7.01,0,kafka; Microservices; CPP; Spring Boot; REST APIs; SQL; DSA,27,Order service with Kafka events,NA
Nikhil Dutta,nikhil.dutta24@student.example.edu,9940005875,MIT Manipal,CSE,9.44 CGPA,2 active,"rest api,TS,Redis,Git,SQL,DSA,AWS",91,Accessible component library | Video call UI with WebRTC | Real-time collaborative whiteboard | Campus events app,SDE intern at a logistics startup
Tejas Ghosh,tejas.ghosh07@student.example.edu,9199508691,NIT Surathkal,ECE,9.0/10,NIL,"SQL, AWS, ALGORITHMS, ml, System Design, Flask, Python, Git",72/100,Call-quality anomaly detector; Fraud detection on card transactions,Data intern at an analytics firm
Navya Kamath,NAVYA.KAMATH99@STUDENT.EXAMPLE.EDU,7961490027,IIT Madras,C.S.E,8.03 CGPA,0,Java; Git; rest apis; DSA; linux,48,Distributed key-value store in Go | Chat server on WebSockets,-
Arvind Varghese,ARVIND.VARGHESE@STUDENT.EXAMPLE.EDU,+91-8590309071,NIT Trichy,Electrical,9.25,NIL,"Java,GITHUB,SQL,Spring Boot,REST APIs,C++,System Design,DSA",60/100,Order service with Kafka events | Chat server on WebSockets,-
Soham Jain,soham.jain11@student.example.edu,06179728957,NIT Trichy,Mechanical,8.55,NIL,DSA; node; GOLANG; postgresql; kafka; Git,,Distributed key-value store in Go | Chat server on WebSockets,-
Zoya Prabhu,zoya.prabhu07@student.example.edu,08192879821,MAHE Manipal,CSE,6.6/10,1,Redis | REST APIs | DSA | git | JavaScript,39/100,Video call UI with WebRTC | Expense tracker in React,
  Arjun   Menon ,arjun.menon@student.example.edu,+91-7527531169,iit kharagpur,CSE,6.84,NIL,"algorithms, c++, ml, Git, python, Flask",38,,
Tanvi Ghosh,tanvi.ghosh@student.example.edu,+91 90184 47985,IIT Madras,ME,7.50,None,"mysql, Docker, restful apis, Git, Go",37/100,,NA
Harini Naidu,harini.naidu99@student.example.edu,9939861552,IIT Madras,Mathematics and Computing,8.8/10,0,"redis, DSA, TypeScript, restful apis, Git, System Design",91,Food delivery app clone | Real-time collaborative whiteboard | Accessible component library | Campus events app,NA
Rithika Joshi,rithika.joshi01@student.example.edu,+91-9025860509,I.I.T. Delhi,Mathematics and Computing,7.50 CGPA,None,DSA | mysql | Git | flask | javascript | Python,55,Fraud detection on card transactions;Movie recommender with collaborative filtering,NA
Mihir Ahmed,mihir.ahmed25@student.example.edu,76886-10610,NIT Surathkal,CSE,78.9%,-,"dsa,REST APIs,system design,C++,java,Git,Node.js",26,Chat server on WebSockets,Backend intern at a SaaS company
Priya Mishra,priya.mishra@student.example.edu,7625716473,NIT Trichy,MnC,5.60,0,"Git, microservices, REST APIs, java",39/100,,-
Sanjana Khan,sanjana.khan@student.example.edu,9371322753,IIT Kharagpur,Information Technology,7.7/10,0,postgresql; Pandas; git; REST APIs; DSA; Python; Linux,53,Churn prediction model; Resume parser with NLP,Frontend intern at an edtech startup
Rahul Kamath,rahul.kamath07@student.example.edu,6389102914,NIT Surathkal,Mechanical,6.9/10,0,Redis | REST APIs | ts,43,Accessible component library; Campus events app,None
Yamini Kulkarni,yamini.kulkarni@student.example.edu,+91 95819 72725,"Birla Institute of Technology and Science, Pilani",Mathematics and Computing,8.2/10,NIL,"REST APIs,C++,SQL,DSA,GIT,Kafka",48,Payment reconciliation service | Job queue with retries and dead letters,
Parth Tiwari,parth.tiwari24@student.example.edu,7718478880,IIT Madras,ME,7.36,0,"DSA,django,Java,Git,AWS,Node.js,rest apis",25,Payment reconciliation service; Chat server on WebSockets,
Sneha Yadav,sneha.yadav@student.example.edu,08221501947,IITR,Mathematics and Computing,8.25 CGPA,Nil,Flask; data structures; REST APIS; Python; mysql; docker; git,34,Sentiment tracker for app reviews | Churn prediction model | Fraud detection on card transactions,None
Rithika Saxena,rithika.saxena99@student.example.edu,06727073216,IIT Delhi,CSE,7.07,0,"java, Django, Spring Boot, github, REST APIs, data structures and algorithms",28/100,Payment reconciliation service | Order service with Kafka events,Backend intern at a SaaS company
manish kamath,manish.kamath25@student.example.edu,7673415775,iit roorkee,Mechanical,8.78,None,"Python,SQL,data structures and algorithms,linux,Git,flask",70,Sentiment tracker for app reviews | Movie recommender with collaborative filtering,-
Riya Kamath,riya.kamath01@student.example.edu,+91-6312030590,IITD,Mechanical,8.44,NIL,REST APIs; MYSQL; DSA; Java; Git; microservices,51,Chat server on WebSockets,None
Soham Pai,soham.pai01@student.example.edu,+91 60095 75288,IITR,Electronics and Communication,76.1%,0,"GITHUB,docker,rest api,k8s,Go,MYSQL,js",55,,Backend intern at a SaaS company
AKHIL KAMATH,akhil.kamath07@student.example.edu,+91 83584 33992,iit bombay,Electronics & Communication,8.0/10,Nil,"REST APIs, Linux, Git, data structures and algorithms, golang",Absent,Order service with Kafka events | Distributed key-value store in Go,Platform intern at a cloud services firm
meera dutta,meera.dutta24@student.example.edu,+91 67755 43897,IIT Madras,CSE,8.50 CGPA,0,sql | Git | Python | AWS | DSA,53,Log pipeline on Kafka,Research intern at a university lab
Waseem Ahmed,waseem.ahmed25@student.example.edu,09499397099,IIT Kharagpur,Mechanical,8.59,0,Linux; data structures; REST APIs; Python; Git,59,Churn prediction model; Fraud detection on card transactions; Movie recommender with collaborative filtering,SDE intern at a logistics startup
JOEL DESAI,joel.desai03@student.example.edu,7289872114,BITS Hyderabad,ECE,7.71,0,"rest apis, SQL, AWS, git, Node.js, C++",49,Inventory API with role-based access,ML intern at a healthtech company
Varun Kulkarni,varun.kulkarni03@student.example.edu,86580-09802,IIT KGP,Computer Science and Engineering,8.01,1 active,"linux, flask, python3, Git, SQL, Machine Learning, DSA",27,Resume parser with NLP,
aditi menon,ADITI.MENON11@STUDENT.EXAMPLE.EDU,7646003787,nit trichy,CSE,7.96,0,amazon web services; data structures; POSTGRESQL; Git; FLASK; Python; rest apis,22,Call-quality anomaly detector;Fraud detection on card transactions,-
Jahnavi Thomas,jahnavi.thomas@student.example.edu,8891867642,IIT Kharagpur,ECE,8.66 CGPA,2,"DSA, git, AWS, System Design, java, REST APIs, Node.js, SQL, spring boot",88,Job queue with retries and dead letters;URL shortener with Redis caching,None
UDAY JAIN,uday.jain25@student.example.edu,+91-9567125455,IITKGP,CS,7.69 CGPA,Nil,restful apis | DSA | React | typescript | SQL,44,Video call UI with WebRTC,-
Bhavya Fernandes,bhavya.fernandes25@student.example.edu,7611131555,nit warangal,C.S.E,6.36,1,redis | Git | rest api | algorithms | SQL | c++,5,,NA
Jahnavi Tiwari,jahnavi.tiwari11@student.example.edu,6973706133,BITS Hyd,Electrical Engineering,8.05,0,Python; DSA; JavaScript; pandas; linux; SQL; rest apis,41,Fraud detection on card transactions | Sentiment tracker for app reviews,None
Rachit Khan,rachit.khan01@student.example.edu,+91 80977 87935,BITS-Goa,ECE,7.40 CGPA,0,"microservices, java, Node.js, LINUX, aws, RESTFUL APIS",47,Rate limiter for a public API,Data intern at an analytics firm
UDAY NAIR,uday.nair07@student.example.edu,+91-7147577984,NITC,CSE,7.92 CGPA,0,SQL | cpp | github | rest apis | dsa | SPRING BOOT | nodejs,51/100,URL shortener with Redis caching,-
joel sen,joel.sen03@student.example.edu,7453098243,IIT Kharagpur,EEE,8.7/10,NIL,"ml, DSA, linux, Python, Git, Pandas, SQL",AB,Sales forecasting dashboard; Churn prediction model,SDE intern at a logistics startup
NISHA HEGDE,NISHA.HEGDE24@STUDENT.EXAMPLE.EDU,6933076521,NIT Surathkal,Comp Sci,8.49,0,data structures and algorithms; PYTHON3; REST APIs; pandas; SQL; Linux; flask; Git,,Resume parser with NLP | Call-quality anomaly detector,
  Joel   Chauhan ,JOEL.CHAUHAN03@STUDENT.EXAMPLE.EDU,+91 61307 39242,BITS Goa,I.T.,7.34 CGPA,-,SQL; data structures and algorithms; PYTHON; git; Machine Learning; Linux,53,,Frontend intern at an edtech startup
Priya Chauhan,priya.chauhan25@student.example.edu,+91 63578 51462,BITS Goa,Mechanical,7.75,Nil,"Kafka, SQL, data structures, git, microservices, REST APIs, django, CPP",54,Chat server on WebSockets,NA
Manish Prabhu,manish.prabhu24@student.example.edu,85172-02198,NIT Surathkal,ECE,7.5/10,0,"Docker, redis, React, mysql, GIT, javascript, rest api",31/100,Food delivery app clone;Accessible component library,
Ishaan Khan,ishaan.khan01@student.example.edu,8788904369,NIT Warangal,Computer Science and Engineering,7.66 CGPA,Nil,"Redis, DSA, postgres, Git, Node.js, rest apis, JavaScript",45,Accessible component library | Expense tracker in React,
MEHUL KULKARNI,MEHUL.KULKARNI01@STUDENT.EXAMPLE.EDU,07304231562,iit delhi,Mechanical Engineering,71.6%,1,"docker,linux,cpp,Django",38,Order service with Kafka events; Inventory API with role-based access,NA
Akhil Fernandes,akhil.fernandes24@student.example.edu,06194740150,NITK Surathkal,M&C,74.8%,-,"python, SQL, Machine Learning, github, Linux, algorithms",48,,-
Sahil Nair,sahil.nair03@student.example.edu,+91 88421 27376,NIT Surathkal,Comp Sci,7.66,NIL,"Linux, amazon web services, GO, docker, github, postgresql, algorithms, REST APIs",48,Self-hosted metrics stack,None
Yamini Patel,yamini.patel@student.example.edu,6803907119,MIT Manipal,C.S.E,8.37,1 active,"rest apis,Python,SQL,AWS,docker,github,Pandas,data structures",55,Sales forecasting dashboard;Resume parser with NLP;Fraud detection on card transactions,None
Trisha Rao,trisha.rao@student.example.edu,6511831740,bits goa,CSE,7.81,0,Go | restful apis | dsa | linux | postgres,57,Chat server on WebSockets | Payment reconciliation service,Platform intern at a cloud services firm
Trisha Desai,,+91-7646956859,NITK Surathkal,ECE,79.0%,2 active,"Git,DSA,Node.js,POSTGRESQL,rest apis,JavaScript",44,Video call UI with WebRTC,NA
rithika hegde,rithika.hegde07@student.example.edu,09034393134,BITS Pilani Hyderabad,Computer Science and Engineering,7.04,Nil,mysql; REST APIs; data structures and algorithms; Python; Machine Learning; git,48,Call-quality anomaly detector; Sales forecasting dashboard,
Vedant Shetty,vedant.shetty@student.example.edu,+91 64415 53662,BITS Hyderabad,Electronics and Communication,89.2%,0,"DSA,kafka,hld,git,rest api,postgresql,Go",73,Chat server on WebSockets,NA
Gaurav Sinha,gaurav.sinha@student.example.edu,6800179654,MIT Manipal,IT,7.54,Nil,"webrtc, Java, REST APIs, Django, postgresql, DSA, linux",51/100,Distributed key-value store in Go;Order service with Kafka events;Job queue with retries and dead letters,-
Arjun Kumar,arjun.kumar99@student.example.edu,9008974327,BITS Hyderabad,EEE,9.21,-,Git | js | Docker | system design | DSA | ts | restful apis | redis | amazon web services,73,Campus events app; Expense tracker in React; Video call UI with WebRTC,Data intern at an analytics firm
Gauri Sen,gauri.sen07@student.example.edu,+91-9331059211,nit warangal,Mechanical Engineering,85.4%,0,SQL | github | Docker | python3 | Machine Learning | data structures and algorithms,45,Sentiment tracker for app reviews;Resume parser with NLP,
MEERA CHATTERJEE,meera.chatterjee11@student.example.edu,+91 80244 10449,NIT Tiruchirappalli,Electrical Engineering,8.75,0,"python3,Pandas,Linux,sql,DSA,Machine Learning",55,Fraud detection on card transactions,None
KAVYA CHATTERJEE,kavya.chatterjee03@student.example.edu,+91 75198 20971,BITS Pilani,CSE,7.93,0,"Git, AWS, data structures and algorithms, sql, React, rest api, ts",62,Accessible component library,SDE intern at a fintech startup
  Aniket   Saxena ,aniket.saxena01@student.example.edu,6958691653,MIT Manipal,Mathematics and Computing,8.50 CGPA,NIL,Spring Boot | Java | django | github | REST APIs,56/100,Job queue with retries and dead letters | Rate limiter for a public API | Order service with Kafka events,Research intern at a university lab
Akhil Nair,akhil.nair@student.example.edu,84248-80019,iit bombay,Comp Sci,7.61 CGPA,Nil,github | Node.js | aws | js | postgres | React | data structures and algorithms,46,Accessible component library,None
Mehul Thomas,,6703228397,MIT Manipal,CSE,8.71,0,"github, javascript, rest apis, react, Redis, DSA",48,Expense tracker in React; Video call UI with WebRTC,-
WASEEM TIWARI,WASEEM.TIWARI03@STUDENT.EXAMPLE.EDU,6870464482,NIT Calicut,MnC,7.63 CGPA,Nil,"SQL,ml,DSA,python,Git,Linux,restful apis",47,Fraud detection on card transactions,Frontend intern at an edtech startup
Sruthi Prabhu,sruthi.prabhu25@student.example.edu,6233666994,iit madras,ECE,8.13,-,"Java,SQL,microservices,Kafka,algorithms",71,Distributed key-value store in Go,None
Shruti Das,shruti.das24@student.example.edu,7322590685,MIT Manipal,Electronics and Communication,8.62,NIL,"rest apis, GITHUB, JavaScript, reactjs, SQL",56,Video call UI with WebRTC | Accessible component library,-
Zoya Chauhan,zoya.chauhan99@student.example.edu,+91-7874124169,iit delhi,Mechanical,8.38 CGPA,2,"javascript, github, nodejs, mysql, rest apis, AWS, DSA",63,Expense tracker in React | Video call UI with WebRTC,
SAMEER SHENOY,sameer.shenoy11@student.example.edu,07902771186,NITW,Computer Science and Engineering,7.47,NIL,"Django,go,DSA,Linux,SQL,REST APIs",42,Distributed key-value store in Go,SDE intern at a fintech startup
Aarav Kamath,AARAV.KAMATH24@STUDENT.EXAMPLE.EDU,6219601393,NITT,ECE,7.95,0,"REST APIs, java, Redis, django, SQL, git",35/100,Job queue with retries and dead letters,
Meera Rao,,6128163120,NIT Warangal,ME,7.48,0,"Java, data structures, golang, Docker, Kubernetes, Git, SQL",75,Load balancer simulation; Cloud cost monitor; CI pipeline with automatic rollbacks,NA
ishaan varghese,ishaan.varghese11@student.example.edu,+91 60895 68480,MIT Manipal,CSE,7.6/10,NIL,"Node.js, Java, github, redis, DSA, docker",57,Distributed key-value store in Go,SDE intern at a logistics startup
Zoya Gupta,zoya.gupta@student.example.edu,87675-87966,bits pilani,CSE,7.57,0,Python; rest apis; amazon web services; DSA,35,Log pipeline on Kafka,-
KUNAL SAXENA,KUNAL.SAXENA03@STUDENT.EXAMPLE.EDU,06285425021,BITS-Pilani,CSE,80.2%,-,"java, python3, restful apis, git, flask, Machine Learning, DSA, Pandas",33,Call-quality anomaly detector;Churn prediction model,Backend intern at a SaaS company
yamini yadav,yamini.yadav@student.example.edu,+91-9084288346,NIT Surathkal,ECE,8.57,0,"linux,REST APIs,python3,algorithms,SQL",64,Log pipeline on Kafka | Kubernetes autoscaler experiment | Load balancer simulation,Platform intern at a cloud services firm
Harini Shenoy,harini.shenoy03@student.example.edu,8700767849,MIT Manipal,Computer Science and Engineering,8.29,None,"python, DSA, pandas, Git, REST APIs, Machine Learning, SQL",60,Fraud detection on card transactions,-
  Gokul   Fernandes ,GOKUL.FERNANDES03@STUDENT.EXAMPLE.EDU,9310799943,IIT Madras,M&C,7.8/10,0,"DSA,REST APIs,google cloud,Go,Docker",33,Cloud cost monitor,-
rohan chatterjee,rohan.chatterjee11@student.example.edu,7809604453,NIT Trichy,Information Technology,7.19,0,"js,K8S,Linux,Git,GCP,python3,DSA",40,Self-hosted metrics stack; Cloud cost monitor,None
Chirag Naidu,chirag.naidu07@student.example.edu,9014126107,iit roorkee,CSE,7.49,-,Git; Linux; python3; rest apis; POSTGRES; pandas; algorithms,33,Movie recommender with collaborative filtering;Sales forecasting dashboard,
ARJUN CHAUHAN,,9854295253,NIT Warangal,EE,8.7/10,0,"REDIS, github, rest apis, JavaScript, postgres, DSA",69,Expense tracker in React; Video call UI with WebRTC,Backend intern at a SaaS company
Tejas Dutta,tejas.dutta@student.example.edu,95264-14642,IIT Delhi,Electronics and Communication,8.2/10,-,"DSA,Go,SQL,docker,Linux,REST APIs,Kubernetes,system design",34,Self-hosted metrics stack,NA
Lakshmi Naidu,lakshmi.naidu11@student.example.edu,+91-7222922872,BITS Hyderabad,Mathematics and Computing,6.7/10,2,docker | REST API | SQL | Git | DSA | python3 | aws,38,CI pipeline with automatic rollbacks,-
Swati Bhat,swati.bhat07@student.example.edu,+91-7700660665,NIT Surathkal,CSE,6.62,-,Java; Spring Boot; DSA,37/100,Payment reconciliation service,None
Trisha Kulkarni,,9217587126,NIT Warangal,IT,7.96 CGPA,0,REST APIs; POSTGRESQL; github; DSA; java; apache kafka,63,Distributed key-value store in Go,SDE intern at a fintech startup
SAHIL CHAUHAN,SAHIL.CHAUHAN99@STUDENT.EXAMPLE.EDU,7988565809,MIT Manipal,I.T.,7.25,Nil,dsa; Python; Flask; postgresql; Machine Learning,35,Sales forecasting dashboard,NA
HARINI KRISHNAN,harini.krishnan01@student.example.edu,+91 69497 20119,IIT Madras,Information Technology,7.8/10,None,"Flask,Git,rest apis,JavaScript,dsa,postgresql,machine learning,python",77,Movie recommender with collaborative filtering;Sentiment tracker for app reviews,Frontend intern at an edtech startup
Navya Singh,NAVYA.SINGH25@STUDENT.EXAMPLE.EDU,9278642978,IIT Roorkee,Mechanical,7.6/10,NIL,"TYPESCRIPT, React, AWS, restful apis",56,,
rachit kamath,rachit.kamath11@student.example.edu,8248806070,IIT Roorkee,Mechanical,7.56,None,"golang, DSA, REST APIs, spring boot, SQL, Git",55,Distributed key-value store in Go,
Waseem Menon,waseem.menon03@student.example.edu,77951-54548,BITS Hyderabad,CSE,6.6/10,NIL,"go, Node.js, JavaScript, linux, Django, algorithms, git, SQL",15,,None
Rakesh Mehta,rakesh.mehta@student.example.edu,07286003232,MIT Manipal,C.S.E,8.75,None,Python; REST APIs; sql; Git; hld; kubernetes; AWS; algorithms,91,Log pipeline on Kafka | CI pipeline with automatic rollbacks | Self-hosted metrics stack,
  Navya   Varghese ,navya.varghese99@student.example.edu,7133553478,IIT Kharagpur,Maths & Computing,8.39,0,"Java, DSA, git, redis, JavaScript, rest api",43/100,URL shortener with Redis caching;Inventory API with role-based access,Backend intern at a SaaS company
Pallavi Joshi,pallavi.joshi@student.example.edu,+91-8193972745,iit delhi,Computer Science and Engineering,7.69,-,restful apis | k8s | postgres | aws | git | python3 | DATA STRUCTURES | System Design,42,Kubernetes autoscaler experiment;Log pipeline on Kafka,None
RACHIT KRISHNAN,rachit.krishnan@student.example.edu,+91-8281671766,NITK,CSE,7.8/10,0,SQL; GIT; restful apis; LINUX; Spring Boot; kafka; algorithms; cpp; Python,61,Payment reconciliation service; URL shortener with Redis caching,NA
Kavya Ghosh,kavya.ghosh07@student.example.edu,74775-85360,IIT Delhi,Mech,7.98,0,"postgresql, JAVA, DSA, node.js, Git, REST APIs, Kafka",34,URL shortener with Redis caching;Rate limiter for a public API,None
Gauri Krishnan,gauri.krishnan24@student.example.edu,8511966461,iit kharagpur,IT,6.85,2,"REST APIs, Linux, Java, git, POSTGRES, data structures and algorithms, Python",26,Churn prediction model,None
Rithika Varghese,RITHIKA.VARGHESE24@STUDENT.EXAMPLE.EDU,83755-29618,IIT Bombay,Mechanical,8.3/10,None,DOCKER; aws; Git; linux; Python; REST APIs; DSA,63,Cloud cost monitor,ML intern at a healthtech company
Tejas Varghese,,8015189488,MIT Manipal,CSE,8.89,-,"git,REST APIS,python3,DATA STRUCTURES AND ALGORITHMS,docker,AWS",79,Self-hosted metrics stack | Log pipeline on Kafka,SDE intern at a fintech startup
  Bhavya   Khan ,bhavya.khan11@student.example.edu,9444985570,IITKGP,Comp Sci,7.80,0,"microservices, c++, DSA, git, Java, linux",49/100,Distributed key-value store in Go | Chat server on WebSockets,Platform intern at a cloud services firm
Nandini Das,nandini.das25@student.example.edu,07971784977,NIT Trichy,Computer Science and Engineering,7.58,NIL,"js, data structures and algorithms, react.js, REST APIs, sql",49,Expense tracker in React,
Rachit Sharma,rachit.sharma@student.example.edu,+91 66207 16632,IIT Bombay,Electronics and Communication,6.0/10,2,"springboot,DSA,Microservices,Git,System Design,postgres,Java,rest apis",10,,
  Anjali   Shetty ,anjali.shetty24@student.example.edu,67765-99093,BITS Hyderabad,Computer Science and Engineering,8.90,Nil,"rest apis, k8s, go, GCP",45,,
Shruti Menon,shruti.menon01@student.example.edu,6114259018,IIT Kharagpur,EE,7.61,-,DSA; Git; TypeScript; SQL; react.js; rest apis,65/100,Food delivery app clone | Video call UI with WebRTC,None
mihir saxena,mihir.saxena11@student.example.edu,6623508961,BITS Pilani Hyderabad,CSE,7.91,NIL,"github, Go, Linux, REST APIs, mysql, DSA",50,Order service with Kafka events,
Darshan Sharma,darshan.sharma@student.example.edu,+91-8786745631,NIT Surathkal,CSE,7.15,2 active,"DSA, GITHUB, Microservices, REST APIs, cpp, SQL, Django",18,,NA
Yash Pillai,YASH.PILLAI01@STUDENT.EXAMPLE.EDU,6242861817,NITC,EEE,6.95,1,"DSA,REST APIs,mysql,typescript,REDIS,amazon web services",34,,NA
  Rohan   Singh ,rohan.singh99@student.example.edu,97948-86696,iit madras,Mathematics and Computing,8.18,0,data structures; flask; PYTHON3; WebRTC; github; Machine Learning; docker; Linux; REST APIs,39/100,Sentiment tracker for app reviews,
MANISH GHOSH,manish.ghosh25@student.example.edu,06532494385,NIT Calicut,Electronics & Communication,7.65 CGPA,None,"dsa, SQL, Django, REST APIs, github, Redis, go",53,Payment reconciliation service | Inventory API with role-based access,NA
Akash Bhat,akash.bhat07@student.example.edu,+91-6987984901,IIT Kharagpur,ME,77.5%,None,"rest api, sql, python3, AWS, GCP, k8s",42,CI pipeline with automatic rollbacks | Log pipeline on Kafka,None
Akash Pai,akash.pai@student.example.edu,+91-6202978146,iit madras,ECE,8.19 CGPA,2,"kafka, node, linux, REST API, Git, CPP",55,Chat server on WebSockets; Payment reconciliation service; Inventory API with role-based access,
Fathima Ghosh,fathima.ghosh01@student.example.edu,+91-6197924808,IIT Roorkee,Mechanical,76.9%,NIL,Git | javascript | redis,51,Video call UI with WebRTC,SDE intern at a logistics startup
Pallavi Shenoy,pallavi.shenoy03@student.example.edu,+91 70105 77928,BITS Pilani,ECE,7.63,None,data structures and algorithms; github; docker; golang; postgresql,64,CI pipeline with automatic rollbacks | Kubernetes autoscaler experiment,Backend intern at a SaaS company
Yash Sen,yash.sen03@student.example.edu,+91 98045 10142,IIT KGP,Mathematics and Computing,78.8%,None,redis; JAVA; SQL; rest apis; Git,75,Inventory API with role-based access;Payment reconciliation service,NA
Pranav Prabhu,pranav.prabhu01@student.example.edu,06752519856,NITT,Mechanical Engineering,8.47 CGPA,0,TypeScript | dsa | node.js | Git | SQL,46,Campus events app,
Bhavya Jain,bhavya.jain11@student.example.edu,7580333803,iit bombay,C.S.E,7.8/10,0,data structures; Redis; Git; REST APIs; SQL; React; JavaScript; DOCKER,29,Campus events app,NA
Trisha Yadav,trisha.yadav03@student.example.edu,9190766518,NIT Tiruchirappalli,Computer Science,90.3%,Nil,"SQL, Git, restful apis, DSA, React, System Design, JavaScript, nodejs",64,Video call UI with WebRTC,None
Isha Desai,isha.desai01@student.example.edu,09586072462,NITW,Maths & Computing,8.57,0,js; REST APIs; Node.js; React; data structures; Redis,60,Food delivery app clone; Campus events app,
Mehul Tiwari,mehul.tiwari24@student.example.edu,+91-6706581429,MIT Manipal,EE,8.14 CGPA,0,"Docker, GO, data structures and algorithms, SQL, github",49,Log pipeline on Kafka; CI pipeline with automatic rollbacks,-
Siddharth Sharma,siddharth.sharma@student.example.edu,09057801727,IIT Madras,Electronics and Communication,6.63,Nil,"SQL,Go,node,DSA,REST APIs,linux,Git",14,Job queue with retries and dead letters | Payment reconciliation service,
Pallavi Ahmed,pallavi.ahmed99@student.example.edu,8889297503,MAHE Manipal,Computer Science,83.7%,Nil,Django; SQL; restful apis; DSA; java; Redis,76,Rate limiter for a public API;Distributed key-value store in Go,-
Sneha Desai,SNEHA.DESAI25@STUDENT.EXAMPLE.EDU,8965741767,IIT Roorkee,E&C,8.1/10,Nil,sql; Git; Redis; TypeScript; DATA STRUCTURES; rest apis,45,Expense tracker in React,NA
  Yamini   Mishra ,yamini.mishra01@student.example.edu,9068221342,NIT Warangal,ECE,71.9%,1 active,amazon web services | sql | rest api | Python | DSA | GIT | GCP,62,Log pipeline on Kafka; Load balancer simulation,
Joel Varghese,joel.varghese@student.example.edu,06985139980,NIT Trichy,EE,9.5/10,0,"Python,amazon web services,k8s,GITHUB,restful apis,data structures and algorithms",68,CI pipeline with automatic rollbacks; Log pipeline on Kafka; Self-hosted metrics stack,None
akash prabhu,AKASH.PRABHU24@STUDENT.EXAMPLE.EDU,6969152236,MIT Manipal,IT,69.9%,2 active,"rest apis, Git, postgresql, Redis, JavaScript, dsa",40,,NA
  Harsh   Ahmed ,harsh.ahmed01@student.example.edu,6830442563,IIT Madras,ECE,7.88 CGPA,None,"REST APIs, mysql, github, data structures and algorithms, Linux, python3",17,,NA
Jatin Sen,JATIN.SEN24@STUDENT.EXAMPLE.EDU,09130750256,BITS Pilani Goa Campus,CSE,7.68,0,"typescript,DSA,Node.js,Redis,restful apis",31/100,Video call UI with WebRTC | Expense tracker in React,ML intern at a healthtech company
Irfan Menon,irfan.menon11@student.example.edu,+91 69193 22038,BITS Hyderabad,Mechanical,7.83,0,"CPP, Git, SQL, rest api, django",47,Order service with Kafka events,NA
SHREYA AGARWAL,shreya.agarwal24@student.example.edu,7018799133,nit calicut,Mathematics and Computing,8.29,NIL,"java, webrtc, spring boot, Django, c++, Kafka, Git, docker, REST APIs",26,Job queue with retries and dead letters,SDE intern at a fintech startup
Harini Nair,harini.nair99@student.example.edu,64233-43754,MIT-Manipal,ECE,6.67,0,"linux,DSA,rest api,ml,POSTGRESQL,Git,Python",41,Movie recommender with collaborative filtering,Research intern at a university lab
Rahul Shenoy,rahul.shenoy25@student.example.edu,+91 62113 39042,BITS Goa,EEE,7.78,2 active,restful apis; microservices; AWS; Java; Kafka; DSA,52,Distributed key-value store in Go; Inventory API with role-based access; Job queue with retries and dead letters; URL shortener with Redis caching,None
Tejas Banerjee,tejas.banerjee03@student.example.edu,7003239225,BITS Pilani,Information Technology,,1,restful apis; React; github; redis; webrtc; Docker; typescript; sql,51,Food delivery app clone; Campus events app,ML intern at a healthtech company
  Tejas   Prabhu ,tejas.prabhu07@student.example.edu,85905-01342,BITS Hyderabad,CSE,7.53 CGPA,NIL,DSA; Java; Python; postgres; github; pandas,41,Churn prediction model,Platform intern at a cloud services firm
ananya prabhu,ananya.prabhu01@student.example.edu,79724-22556,nit calicut,Mathematics and Computing,7.02,2,Redis; git; DSA; TypeScript; nodejs; React,44/100,Campus events app,Backend intern at a SaaS company
UDAY KRISHNAN,,+91-7097917372,IIT Roorkee,Comp Sci,7.09,2,postgres | python | linux | Git,34/100,Cloud cost monitor,NA
Harsh Patel,harsh.patel07@student.example.edu,+91 98978 97731,NIT Surathkal,Computer Science and Engineering,7.73,0,"Linux, DSA, SQL, GIT, restful apis, java, Python, Machine Learning, flask",47,,-
bhavya kulkarni,bhavya.kulkarni@student.example.edu,8696211247,bits pilani,CSE,8.85,Nil,C++ | postgres | Microservices | rest apis | JAVA | Spring Boot | DSA | Git,85,Rate limiter for a public API | URL shortener with Redis caching | Order service with Kafka events,
Vedant Krishnan,vedant.krishnan25@student.example.edu,6076297283,IITKGP,MnC,7.88 CGPA,Nil,"DSA, System Design, python3, amazon web services, Machine Learning, webrtc, LINUX, restful apis, sql, Pandas",63,Sentiment tracker for app reviews | Churn prediction model,NA
Deepika Ahmed,deepika.ahmed25@student.example.edu,+91 97021 70826,iit kharagpur,EE,8.95,None,"Linux,python,github,flask,SQL,DSA",59,Call-quality anomaly detector;Resume parser with NLP,NA
Chirag Khan,chirag.khan99@student.example.edu,6234063220,MIT Manipal,I.T.,8.48,NIL,Spring Boot; SQL; c++; algorithms; Git; node; Python; restful apis; redis,48,Distributed key-value store in Go,None
Hrithik Yadav,hrithik.yadav25@student.example.edu,93223-10169,IITD,CSE,6.46 CGPA,0,"Linux, Python, GIT, SQL, flask, REST APIs, java",23/100,,
Siddharth Dutta,siddharth.dutta@student.example.edu,+91 63080 08326,MAHE Manipal,Mechanical,8.99,-,Python; git; SQL; DSA; System Design; flask,78/100,,None
ananya kulkarni,ananya.kulkarni11@student.example.edu,09419316333,NIT Trichy,CSE,7.6/10,2,sql; algorithms; js; Node.js; Git; Docker,58,Accessible component library;Food delivery app clone;Campus events app,-
riya mehta,RIYA.MEHTA24@STUDENT.EXAMPLE.EDU,+91-6730210437,NITT,Electronics & Communication,7.43,None,AWS | data structures and algorithms | Linux | rest apis | Kubernetes | github | go | MYSQL,32,CI pipeline with automatic rollbacks,SDE intern at a fintech startup
Sahil Dutta,sahil.dutta@student.example.edu,09085862575,MIT Manipal,Mathematics and Computing,8.91,-,"Spring Boot, git, Go, Redis, Node.js, DSA, restful apis, SQL",48,Inventory API with role-based access;Rate limiter for a public API,SDE intern at a fintech startup
VARUN MEHTA,varun.mehta01@student.example.edu,6503717188,MIT Manipal,Electronics and Communication,8.20,-,Python; DSA; postgresql; Pandas; System Design; Git; Machine Learning,68,Resume parser with NLP; Movie recommender with collaborative filtering; Call-quality anomaly detector,NA
Swati Kulkarni,swati.kulkarni07@student.example.edu,9261364644,NITK Surathkal,CSE,8.17,1 active,"pandas, dsa, python3, Machine Learning, Java, restful apis, postgresql, Git",63,Churn prediction model;Call-quality anomaly detector;Resume parser with NLP,None
Meera Singh,meera.singh99@student.example.edu,09464600947,IIT Delhi,ECE,75.1%,0,python3; java; DATA STRUCTURES AND ALGORITHMS; kubernetes; REST APIs,55,Cloud cost monitor,ML intern at a healthtech company
Madhav Iyer,madhav.iyer11@student.example.edu,7860629428,iit bombay,Computer Science and Engineering,9.36,0,"Git, Linux, rest api, DSA, Go, kubernetes, SQL",,CI pipeline with automatic rollbacks; Kubernetes autoscaler experiment; Self-hosted metrics stack,-
Manish Gupta,manish.gupta03@student.example.edu,8610827688,MIT Manipal,Electronics and Communication,7.12,-,"Python, rest api, github, Docker, DSA, Flask, PANDAS, postgresql",21,,
Mihir Kamath,mihir.kamath07@student.example.edu,7580559561,NITK,ECE,6.8/10,1 active,data structures; springboot; Java; microservices; Docker; mysql; github,22,,-
Pallavi Kamath,PALLAVI.KAMATH25@STUDENT.EXAMPLE.EDU,63229-46748,Manipal Institute of Technology,Electrical Engineering,8.4/10,None,"WebRTC, mysql, Git, Microservices, java, linux, Spring Boot, restful apis",32,URL shortener with Redis caching,None
Sahil Nair, SAHIL.NAIR03@STUDENT.EXAMPLE.EDU ,8842127376,NIT Surathkal,Comp Sci,7.66,NIL,"Linux, amazon web services, GO, docker, github, postgresql, algorithms, REST APIs",48,Self-hosted metrics stack,None
sanjana menon,sanjana.menon25@student.example.edu,6337753948,IIT Kharagpur,CSE,75.3%,2 active,ml; data structures; python; POSTGRES; rest api; Linux; pandas; git,47,Churn prediction model | Fraud detection on card transactions,Backend intern at a SaaS company
DEEPIKA NAIR,deepika.nair03@student.example.edu,8206949210,IIT Madras,CSE,7.04 CGPA,0,Git; Spring Boot; Go; REST APIs; postgres; DSA,11,,
Rithika Tiwari,rithika.tiwari@student.example.edu,6641398804,NIT Trichy,I.T.,7.61,0,"SQL, Microservices, Git, DSA, REST APIs, Go",27,,NA
Sahil Kamath,SAHIL.KAMATH@STUDENT.EXAMPLE.EDU,07593290471,bits pilani,Computer Science,6.67,Nil,"mysql,DSA,pandas,rest api,Python,Git",21,,-
PRANAV PAI,pranav.pai11@student.example.edu,6890465817,MIT Manipal,CSE,7.93,Nil,"Git,DSA,redis,rest apis,JavaScript",41,Video call UI with WebRTC,NA
Pooja Menon,pooja.menon99@student.example.edu,6102757743,IIT Delhi,C.S.E,7.70 CGPA,None,golang; GIT; REST APIs; apache kafka; DSA,31,Distributed key-value store in Go,None
Mihir Verma,mihir.verma03@student.example.edu,7890603016,BITS Pilani Hyderabad,CSE,7.8/10,-,"REST APIs,algorithms,docker,Go,Git,AWS,POSTGRES",66/100,Cloud cost monitor,
Aarav Verma,AARAV.VERMA01@STUDENT.EXAMPLE.EDU,6643329978,Manipal Institute of Technology,CSE,85.1%,-,"Flask,Linux,DSA,Git,SQL,Python",AB,Churn prediction model | Call-quality anomaly detector | Movie recommender with collaborative filtering | Sentiment tracker for app reviews,-
Deepika Singh,deepika.singh@student.example.edu,82795-43414,iit roorkee,ECE,7.84,None,REST APIs; git; go; AWS,Absent,Kubernetes autoscaler experiment | Cloud cost monitor,SDE intern at a logistics startup
Farah Mehta,farah.mehta@student.example.edu,+91 82921 40773,NIT Surathkal,Mechanical,7.86,0,git; React; rest api; Redis; JavaScript,35,Campus events app;Accessible component library,Data intern at an analytics firm
Priya Patel,priya.patel24@student.example.edu,9076353980,Manipal Institute of Technology,C.S.E,8.99,0,"DSA,SQL,Kubernetes,System Design,Go,git,GCP",70,Cloud cost monitor | Self-hosted metrics stack | Kubernetes autoscaler experiment,
neha agarwal,neha.agarwal03@student.example.edu,7669456572,MIT Manipal,C.S.E,8.17,None,"Linux, AWS, git, python3, DSA, rest api",73,Sales forecasting dashboard; Call-quality anomaly detector,Data intern at an analytics firm
Arjun Nair,arjun.nair07@student.example.edu,75773-35743,NITT,ECE,7.43,NIL,"DSA,postgres,REST APIs,Redis,JavaScript,github,HLD",57,Food delivery app clone; Expense tracker in React; Campus events app,Platform intern at a cloud services firm
Isha Mehta,isha.mehta99@student.example.edu,6828771434,BITS Pilani,Mechanical Engineering,8.51,None,"DSA, postgres, Node.js, redis, typescript",38,Campus events app,-
nikhil saxena,nikhil.saxena07@student.example.edu,6134585137,I.I.T. Delhi,Computer Science,81.8%,0,hld; Node.js; REST APIs; Git; SQL; DSA; Go,60,Payment reconciliation service;Rate limiter for a public API;Job queue with retries and dead letters,SDE intern at a fintech startup
ruchi iyer,ruchi.iyer24@student.example.edu,80625-52935,NIT Trichy,Computer Science,7.77,0,github; linux; restful apis; algorithms; SQL; Go,41,Distributed key-value store in Go,
Priya Iyer,priya.iyer@student.example.edu,9106512840,BITS Goa,Mechanical Engineering,5.83,0,"sql, Machine Learning, Flask, Git, python",5,,-
shreya yadav,shreya.yadav11@student.example.edu,62131-46635,NIT Warangal,CSE,8.12,None,"GOOGLE CLOUD,Go,git",59,Cloud cost monitor,SDE intern at a fintech startup
Sahil Khan,SAHIL.KHAN@STUDENT.EXAMPLE.EDU,8283306801,BITS-Goa,M&C,8.57,0,"linux, github, algorithms, go, rest apis, SQL",78,Log pipeline on Kafka | CI pipeline with automatic rollbacks | Self-hosted metrics stack,NA
Mehul Ghosh,mehul.ghosh99@student.example.edu,+91-8130416937,IIT Delhi,Mathematics and Computing,7.88,NIL,"SQL, ts, DATA STRUCTURES AND ALGORITHMS, Redis, JavaScript",35,Real-time collaborative whiteboard,-
karthik hegde,karthik.hegde03@student.example.edu,62228-52783,manipal institute of technology,Mathematics and Computing,76.2%,None,"Python, flask, Machine Learning, Git, SQL, Docker",49,Movie recommender with collaborative filtering,None
Mehul Thomas,mehul.thomas25@student.example.edu,+91 67032 28397,MIT Manipal,CSE,8.71,0,"github, javascript, rest apis, react, Redis, DSA",48,Expense tracker in React; Video call UI with WebRTC,-
Nikhil Das,nikhil.das@student.example.edu,88563-49890,bits hyderabad,Computer Science and Engineering,8.06 CGPA,NIL,"postgres, rest api, docker, github, DSA, Linux, Go",35,Self-hosted metrics stack;Load balancer simulation,-
Anusha Singh,anusha.singh03@student.example.edu,+91-8765085152,N.I.T. Warangal,CS,7.17,Nil,system design; git; JavaScript; Docker; SQL; react.js; redis; rest apis,35,Video call UI with WebRTC,-
Bhavya Shetty,bhavya.shetty@student.example.edu,75824-56050,BITS Hyderabad,E&C,80.4%,None,"Node.js, github, algorithms, SQL, JavaScript",54,Expense tracker in React;Accessible component library,None
  Harini   Fernandes ,harini.fernandes25@student.example.edu,+91-9461897228,BITS Pilani,ECE,8.6/10,Nil,AWS; algorithms; SQL; git; Pandas; REST APIs; python; linux,43,Fraud detection on card transactions | Sales forecasting dashboard,Platform intern at a cloud services firm
Isha Gupta,isha.gupta24@student.example.edu,+91-6024243658,BITS Hyderabad,Electronics & Communication,6.87,NIL,Python; linux; Docker,35/100,,
Faizan Sen,faizan.sen@student.example.edu,07658193393,manipal institute of technology,CS,79.3%,NIL,"Java,JavaScript,SQL,REST APIs,Django,Spring Boot,Git",25/100,Inventory API with role-based access,
Nikhil Mishra,nikhil.mishra11@student.example.edu,+91 62546 29021,BITS Hyderabad,CS,84.2%,2 active,"DSA, github, mysql, NODE.JS, docker, JavaScript",73,Campus events app; Accessible component library; Real-time collaborative whiteboard,None
  Aditi   Iyer ,aditi.iyer@student.example.edu,7199899487,NIT Warangal,CS,7.57,0,React; typescript; DSA; node,63/100,Accessible component library | Food delivery app clone | Campus events app,Frontend intern at an edtech startup
Siddharth Hegde,siddharth.hegde24@student.example.edu,8859782435,BITS Pilani Hyderabad,CSE,8.62 CGPA,-,REST APIs | AWS | golang | system design | git | springboot | dsa,88,Inventory API with role-based access; Order service with Kafka events; Payment reconciliation service,ML intern at a healthtech company
VARUN FERNANDES,VARUN.FERNANDES25@STUDENT.EXAMPLE.EDU,+91 81238 14606,MAHE Manipal,C.S.E,7.22,Nil,"System Design,Flask,mysql,github,DSA,LINUX,Python",50,Sales forecasting dashboard,Data intern at an analytics firm
Tanvi Sinha,tanvi.sinha24@student.example.edu,8770883267,BITS Hyderabad,Computer Science and Engineering,8.20,NIL,System Design | react.js | amazon web services | DSA | node.js | git | JavaScript | Redis | rest api,-,Video call UI with WebRTC;Real-time collaborative whiteboard;Expense tracker in React,NA
Nikhil Ghosh,nikhil.ghosh01@student.example.edu,08490941586,NIT Trichy,MnC,7.66,0,"github,restful apis,Python,DOCKER,js",29,Log pipeline on Kafka,-
Ishaan Joshi,ishaan.joshi01@student.example.edu,9844008615,MAHE Manipal,Computer Science and Engineering,7.31,Nil,"flask, Git, Python, REST APIs, sql, pandas",42,Call-quality anomaly detector,
Yash Shenoy,yash.shenoy99@student.example.edu,7433038281,IIT Delhi,Electronics and Communication,9.06,Nil,"postgres, restful apis, ts, DSA, React",63,Expense tracker in React | Accessible component library | Food delivery app clone,Platform intern at a cloud services firm
hrithik bose,hrithik.bose@student.example.edu,+91-6154887743,IIT Delhi,Electronics & Communication,6.04 CGPA,None,"linux, Git, SQL, data structures, python, Machine Learning",5,,
varun naidu,varun.naidu01@student.example.edu,79226-89300,NIT Surathkal,Electronics & Communication,83.0%,0,"mysql, data structures, REST APIs, Node.js, js, git, Redis",66/100,Accessible component library | Campus events app | Video call UI with WebRTC,Frontend intern at an edtech startup
Parth Pillai,parth.pillai03@student.example.edu,+91 63930 23798,IIT Bombay,Electronics and Communication,8.30,0,REST APIs; docker; Linux; Go; AWS; SQL; github,60/100,Load balancer simulation; Self-hosted metrics stack,NA
ANUSHA SEN,anusha.sen99@student.example.edu,07802833479,IIT Roorkee,Electrical,7.47 CGPA,Nil,github | Spring Boot | REST APIs | Java | data structures | mysql | redis,48,Payment reconciliation service;Inventory API with role-based access,Platform intern at a cloud services firm
Keerthana Das,keerthana.das03@student.example.edu,9964658242,NIT Surathkal,Electrical,8.22,0,ts | REDIS | github | Node.js | AWS | algorithms,,Campus events app;Food delivery app clone,-
Pranav Mehta,pranav.mehta@student.example.edu,07538485810,IIT Kharagpur,M&C,83.9%,1,"DSA, React, javascript, nodejs, SQL, git, aws",69,Video call UI with WebRTC; Campus events app; Food delivery app clone; Expense tracker in React,NA
Waseem Khan,waseem.khan@student.example.edu,+91 94457 68990,NIT Calicut,CSE,8.95 CGPA,0,"rest api, ml, mysql, Linux, github, python",64,Fraud detection on card transactions; Churn prediction model; Sales forecasting dashboard,SDE intern at a logistics startup
ARVIND KHAN,arvind.khan24@student.example.edu,07078261978,NIT Karnataka,CSE,8.62,2 active,Python | Spring Boot | Git | SQL | C++ | DJANGO | REST APIs | DSA,61,Inventory API with role-based access,-
Aditi Sen,aditi.sen03@student.example.edu,8336782918,BITS Hyderabad,ECE,8.22,NIL,SQL; golang; DSA; K8S; Git; aws,59,Kubernetes autoscaler experiment,NA
divya pillai,divya.pillai@student.example.edu,8012128905,IIT Kharagpur,Mechanical,8.23,1,"Django,SQL,data structures and algorithms,C++,git",38,Distributed key-value store in Go,None
Riya Reddy,riya.reddy24@student.example.edu,7476386303,BITS Pilani,Mathematics and Computing,64.4%,1,Java; mysql; DSA; REST APIs; Django,25,URL shortener with Redis caching; Rate limiter for a public API,Research intern at a university lab
Sneha Sharma,sneha.sharma@student.example.edu,+91-9274335276,IIT Madras,CSE,8.50 CGPA,-,"docker, mysql, Kubernetes, DSA, REST API, Python, github",74,Log pipeline on Kafka; Kubernetes autoscaler experiment; CI pipeline with automatic rollbacks,SDE intern at a fintech startup
Madhav Ghosh,madhav.ghosh99@student.example.edu,91026-04423,NIT Warangal,ECE,7.77,0,pandas; Machine Learning; Flask; python3; SQL; DSA,45,Movie recommender with collaborative filtering; Sales forecasting dashboard,Data intern at an analytics firm
Swati Joshi,SWATI.JOSHI25@STUDENT.EXAMPLE.EDU,+91 75365 84579,NIT Warangal,Mechanical,75.3%,0,"DSA, rest apis, js, React, postgres",66,Accessible component library; Video call UI with WebRTC; Expense tracker in React,
Mehul Khan,mehul.khan03@student.example.edu,7729178953,IIT Chennai,Computer Science,79.6%,Nil,"restful apis,Java,JavaScript,DSA,React",87/100,Expense tracker in React;Accessible component library;Real-time collaborative whiteboard,-
Kavya Saxena,kavya.saxena25@student.example.edu,72371-20284,IIT Roorkee,Mathematics and Computing,7.1/10,0,"AWS,rest api,github,SQL,Linux,DSA,Pandas,python3",-,Resume parser with NLP,Research intern at a university lab
Lakshmi Nair,lakshmi.nair11@student.example.edu,8254386995,IIT Roorkee,CSE,7.8/10,Nil,"C++,System Design,reactjs,nodejs,dsa,Git,SQL,REST APIs,TypeScript",48,Expense tracker in React,NA
MIHIR PAI,,7865867645,IIT Kharagpur,MnC,8.00,NIL,C++ | Linux | DSA | docker | github | REST APIs | APACHE KAFKA,50,Inventory API with role-based access | Payment reconciliation service,-
  Omkar   Chauhan ,omkar.chauhan03@student.example.edu,7888772271,nit warangal,ECE,7.57,0,"REST APIs, SQL, data structures, ts, Node.js, hld, GITHUB",45,Expense tracker in React,ML intern at a healthtech company
Harsh Shetty,harsh.shetty25@student.example.edu,+91 88232 14075,BITS Goa,E&C,72.4%,None,JavaScript | github | java | REST APIs | Node.js,9,Food delivery app clone,-
Nikhil Thomas,nikhil.thomas01@student.example.edu,09351516986,NIT Surathkal,Information Technology,7.88,None,"SQL, data structures and algorithms, javascript, Node.js, Git, rest api, React, Docker, aws",54,Video call UI with WebRTC;Campus events app;Food delivery app clone,Research intern at a university lab
Jahnavi Ahmed,jahnavi.ahmed99@student.example.edu,+91 84601 54910,NIT Warangal,Comp Sci,8.78,None,"GIT,DSA,Django,Spring Boot,hld,JAVA",63,Order service with Kafka events | URL shortener with Redis caching | Distributed key-value store in Go,Backend intern at a SaaS company
Deepika Chatterjee,deepika.chatterjee@student.example.edu,+91 96950 85894,MIT Manipal,ME,7.0/10,0,REST APIs; nodejs; POSTGRESQL; GITHUB; js; Redis; aws,18,,None
Hrithik Singh,hrithik.singh01@student.example.edu,08243785276,IIT Kharagpur,CS,7.91,0,data structures | machine learning | flask | Git | MYSQL | Pandas | rest apis | Python,26,Movie recommender with collaborative filtering,None
Nisha Shenoy,nisha.shenoy01@student.example.edu,8401396777,IIT KGP,CSE,73.5%,0,GCP | k8s | data structures | Python | Git | sql | REST APIs,19,CI pipeline with automatic rollbacks,Research intern at a university lab
Anusha Tiwari,ANUSHA.TIWARI11@STUDENT.EXAMPLE.EDU,95938-87066,NIT Calicut,ECE,8.38,Nil,"DSA, microservices, SQL, REST APIs, Spring Boot, golang, django, git",55,URL shortener with Redis caching,-
SNEHA SAXENA,sneha.saxena11@student.example.edu,71774-42030,NIT Warangal,CSE,82.4%,2,"Git,Django,REST APIs,DSA,C++",63,Rate limiter for a public API; Payment reconciliation service; Distributed key-value store in Go,-
IRFAN CHAUHAN,irfan.chauhan11@student.example.edu,+91 63880 50440,IIT Roorkee,CSE,8.26,0,mysql | Linux | Python,54,Movie recommender with collaborative filtering,-
uday naidu,uday.naidu99@student.example.edu,+91-9114330358,IIT Kharagpur,CSE,7.77,0,"node, Git, Microservices, C++, REST APIs, Docker, mysql",29,Inventory API with role-based access; Order service with Kafka events,NA
nandini saxena,nandini.saxena@student.example.edu,9531287052,IIT Delhi,Mech,7.12,0,data structures and algorithms; cpp; redis; rest api; postgres; git,13,,
Faizan Thomas,faizan.thomas07@student.example.edu,77081-89032,MIT-Manipal,CSE,76.4%,0,Python; DSA; SQL; Docker; java; linux,63,Cloud cost monitor | Load balancer simulation,-
Sameer Verma,sameer.verma11@student.example.edu,+91 86495 59680,NITC,CSE,7.11,0,"javascript, React, SQL, python3, Git",58,Expense tracker in React,NA
prateek chauhan,prateek.chauhan99@student.example.edu,+91 68198 17087,BITS Hyderabad,Comp Sci,70.6%,0,Java | Microservices | System Design | dsa | linux | Git | rest api | SQL,58,Inventory API with role-based access | Order service with Kafka events,
Priya Chatterjee,priya.chatterjee01@student.example.edu,+91 89719 46946,bits pilani,Comp Sci,7.7/10,0,java; rest api; System Design; DSA; SQL; github; Spring Boot,30,Inventory API with role-based access;Chat server on WebSockets,
Aditi Nair,aditi.nair24@student.example.edu,06312419793,IIT Madras,M&C,8.32,-,rest apis; typescript; system design; Node.js; DSA; Redis; CPP; Git,61,Video call UI with WebRTC | Expense tracker in React | Real-time collaborative whiteboard,ML intern at a healthtech company
RIYA YADAV,,06263330141,NIT Trichy,Electronics & Communication,79.8%,0,"postgres,Redis,AWS,DSA,github,RESTFUL APIS,WebRTC,js",62,Food delivery app clone,NA
Uday Iyer,uday.iyer24@student.example.edu,8278711259,BITS Pilani Hyderabad,Comp Sci,7.71 CGPA,-,"DSA, react, Node.js, redis, SQL, TypeScript, REST APIs, GIT",26,Food delivery app clone,NA
Fathima Saxena,fathima.saxena01@student.example.edu,6910402507,IIT Bombay,Electronics & Communication,8.44,0,"git, Linux, PYTHON3, postgresql, JavaScript, DSA, rest apis, pandas",61/100,Churn prediction model;Fraud detection on card transactions,ML intern at a healthtech company
Aditya Yadav,aditya.yadav03@student.example.edu,6035063897,IIT Bombay,E&C,7.49,0,Node.js | js | GITHUB | React,24,,-
fathima jain,FATHIMA.JAIN03@STUDENT.EXAMPLE.EDU,94743-48673,MIT Manipal,IT,6.64,0,typescript | REST APIs | DSA | Redis,20,Video call UI with WebRTC,Research intern at a university lab
Vidya Varghese,vidya.varghese07@student.example.edu,8370786565,nit warangal,Mathematics and Computing,8.4/10,-,"Git, REST APIs, Python, DSA, Machine Learning, flask, SQL, system design",,Resume parser with NLP;Fraud detection on card transactions;Movie recommender with collaborative filtering,Backend intern at a SaaS company
Pallavi Singh,PALLAVI.SINGH99@STUDENT.EXAMPLE.EDU,+91-8731874560,NIT Calicut,ECE,7.94,0,"DSA, Linux, SQL, PYTHON3",39,Call-quality anomaly detector,Backend intern at a SaaS company
Jatin Ghosh,jatin.ghosh@student.example.edu,75821-52446,MIT Manipal,Information Technology,7.04,0,Git | algorithms | k8s | Go | JavaScript | REST APIs,42,Kubernetes autoscaler experiment,NA
Uday Gupta,uday.gupta07@student.example.edu,7337306991,MIT Manipal,M&C,7.76,0,"TypeScript, SQL, DSA, rest api, Redis, react",70,Food delivery app clone; Real-time collaborative whiteboard,Platform intern at a cloud services firm
Chirag Yadav,CHIRAG.YADAV03@STUDENT.EXAMPLE.EDU,7292522083,NITC,Computer Science and Engineering,75.6%,0,MACHINE LEARNING | Linux | data structures | Python | REST APIs,14,,SDE intern at a logistics startup
Nikhil Sen,nikhil.sen01@student.example.edu,07682724178,IIT Roorkee,ECE,8.63,0,"Linux,amazon web services,Java,Microservices,Git,algorithms,REST APIs,kafka",35,Rate limiter for a public API,ML intern at a healthtech company
  Anjali   Sharma ,,+91-6193451358,IITM,EEE,8.7/10,None,"algorithms,PYTHON,REST APIs,flask,POSTGRES,linux",62,Resume parser with NLP;Call-quality anomaly detector,
Sahil Rao,sahil.rao25@student.example.edu,6165047504,iit kharagpur,Electronics & Communication,6.51,Nil,"DSA, kafka, rest api, cpp, GIT",-,,Backend intern at a SaaS company
  Aarav   Varghese ,aarav.varghese99@student.example.edu,9228203712,NIT Surathkal,Maths & Computing,8.6/10,0,pandas | Python | ALGORITHMS | rest api | POSTGRES,76,Sentiment tracker for app reviews;Resume parser with NLP;Call-quality anomaly detector,-
Shruti Ahmed,shruti.ahmed@student.example.edu,6671500858,IIT Chennai,EE,8.31,None,"react.js,mysql,Git,REST APIs,Redis,ts",57/100,,None
Hrithik Agarwal,hrithik.agarwal99@student.example.edu,+91-8564089879,IIT Kharagpur,Comp Sci,7.73,NIL,Django; NODE.JS; restful apis; dsa; C++; golang; linux; docker,46,URL shortener with Redis caching,Platform intern at a cloud services firm
Waseem Hegde,waseem.hegde25@student.example.edu,+91 88248 39506,iit madras,Mechanical,9.05,-,"DSA, js, redis, rest api, mysql, Git",76,Real-time collaborative whiteboard; Accessible component library,
  Shruti   Verma ,shruti.verma24@student.example.edu,9755104401,IIT Roorkee,Comp Sci,7.10 CGPA,Nil,"pandas, Python, SYSTEM DESIGN, Git, REST APIs, SQL, ALGORITHMS",56,Sentiment tracker for app reviews;Churn prediction model,
Rithika Mishra,rithika.mishra@student.example.edu,6797758053,NIT Trichy,Mathematics and Computing,8.2/10,None,Python | RESTFUL APIS | Git | gcp | docker | DSA,50/100,Kubernetes autoscaler experiment,None
Sneha Reddy,,+91-8659099067,iit kharagpur,CS,6.90 CGPA,0,"rest apis,java,hld,github,LINUX,SQL,microservices",32,Inventory API with role-based access | URL shortener with Redis caching,
Sahil Banerjee,sahil.banerjee25@student.example.edu,8371128095,MIT Manipal,CSE,97.9%,-,"Redis,System Design,AWS,DSA,REST API,Git,JavaScript",93,Food delivery app clone;Expense tracker in React;Campus events app,None
CHIRAG BHAT,chirag.bhat@student.example.edu,8300520725,NIT Trichy,CSE,6.56,0,"Git,flask,restful apis,SQL,Python,DSA,docker,linux",17,Movie recommender with collaborative filtering,None
Sneha Kumar,sneha.kumar03@student.example.edu,08280770402,IIT Bombay,IT,5.77,Nil,WEBRTC | REST APIS | Git | spring boot | Go | Java,33,Rate limiter for a public API,-
SIDDHARTH IYER,siddharth.iyer24@student.example.edu,06439041847,IIT Bombay,CSE,7.80,-,Git; react.js; JAVASCRIPT; rest apis,15,Accessible component library,-
Bhavya Pai,BHAVYA.PAI11@STUDENT.EXAMPLE.EDU,+91 74026 15091,NIT Warangal,Mechanical,7.83,0,"reactjs, Git, Redis, DSA, REST APIs, javascript, node, python3",48,Video call UI with WebRTC; Campus events app,NA
Gaurav Mishra,gaurav.mishra25@student.example.edu,8644922014,BITS Goa,ECE,7.77,-,"react.js,rest apis,javascript,GITHUB,mysql,dsa,Node.js",48/100,,NA
Vivaan Joshi,vivaan.joshi99@student.example.edu,6949606027,NITK Surathkal,CSE,8.4/10,0,"springboot, DSA, LINUX, js, hld, Git, Java, rest apis, SQL",54,Chat server on WebSockets | Order service with Kafka events,Platform intern at a cloud services firm
Sanjana Reddy,sanjana.reddy01@student.example.edu,6220380778,NIT Trichy,Mathematics and Computing,6.84,-,LINUX; DSA; MYSQL; git; Pandas; python3; amazon web services; Machine Learning,22,,
Fathima Prabhu,fathima.prabhu24@student.example.edu,7143522261,MIT Manipal,CSE,9.31,0,"REST APIs,data structures and algorithms,Linux,Python,Git,GCP",100,Log pipeline on Kafka | Cloud cost monitor | CI pipeline with automatic rollbacks | Load balancer simulation,Platform intern at a cloud services firm
Meera Jain,meera.jain@student.example.edu,7528708919,IITD,CSE,77.2%,0,"docker,DSA,postgres,Python,git",50,CI pipeline with automatic rollbacks | Kubernetes autoscaler experiment,-
Parth Shetty,parth.shetty24@student.example.edu,6330628489,NIT Calicut,Electronics and Communication,7.3/10,1 active,"golang, Docker, C++, SQL, data structures and algorithms, linux",33,CI pipeline with automatic rollbacks,
Shreya Prabhu,shreya.prabhu@student.example.edu,07524152319,NIT Trichy,Computer Science,8.3/10,-,"Machine Learning, Python, Pandas, git, Flask, sql, hld",26,Fraud detection on card transactions,None
Kunal Nair,kunal.nair03@student.example.edu,85623-00188,"Birla Institute of Technology and Science, Pilani",EEE,,-,amazon web services; mysql; Linux; Machine Learning; dsa; Python,36,Resume parser with NLP,Frontend intern at an edtech startup
Sameer Khan,sameer.khan11@student.example.edu,09923405339,IIT Roorkee,Maths & Computing,8.66,Nil,rest apis | github | Go | sql | DSA | Django,57,Rate limiter for a public API | URL shortener with Redis caching | Distributed key-value store in Go,Backend intern at a SaaS company
Kavya Kamath,kavya.kamath@student.example.edu,6005662242,iit madras,Comp Sci,7.2/10,NIL,"c++,rest api,springboot,algorithms,Git,Kafka,SQL,System Design",20,,Research intern at a university lab
Navya Yadav,navya.yadav25@student.example.edu,63769-49104,iit madras,ME,8.33,-,"System Design,DSA,flask,SQL,PYTHON3",73,Call-quality anomaly detector | Fraud detection on card transactions | Sentiment tracker for app reviews,Platform intern at a cloud services firm
yamini khan,yamini.khan25@student.example.edu,07449474774,NITW,Mechanical,6.62 CGPA,0,"data structures,Docker,SQL,aws,Git,kubernetes,python3",24,,None
Anirudh Patel,,+91 73080 63536,NIT Surathkal,IT,7.46,Nil,redis | AWS | typescript | data structures | System Design | SQL | git | js,28,Expense tracker in React;Food delivery app clone,-
neha rao,neha.rao07@student.example.edu,+91 68406 43208,BITS Pilani,E&C,9.0/10,0,"AWS, Git, Pandas, system design, SQL, Linux, ALGORITHMS, Python, rest api",-,Movie recommender with collaborative filtering;Fraud detection on card transactions;Sentiment tracker for app reviews,NA
  Sameer   Bose ,sameer.bose03@student.example.edu,6980262577,nit warangal,E&C,7.50,NIL,"Redis,Git,NODE,REST APIs,JavaScript,React",24/100,,None
Deepika Singh,deepika.singh@student.example.edu,8279543414,iit roorkee,ECE,7.84,None,REST APIs; git; go; AWS,Absent,Kubernetes autoscaler experiment | Cloud cost monitor,SDE intern at a logistics startup
Mihir Shenoy,mihir.shenoy01@student.example.edu,09426249760,I.I.T. Delhi,CSE,7.9/10,None,"Linux, SQL, Docker, github, System Design, python, AMAZON WEB SERVICES, DSA",67,Movie recommender with collaborative filtering,
SNEHA SHETTY,sneha.shetty@student.example.edu,8207534850,MIT-Manipal,Computer Science and Engineering,60.3%,1 active,"data structures and algorithms,REST APIs,microservices,System Design,java,Git",17,,None
Navya Krishnan,navya.krishnan24@student.example.edu,+91-6328321769,IIT Kharagpur,EEE,7.62,0,DSA | java | SQL | Docker | django | restful apis | git,45,Payment reconciliation service,
Madhav Kumar,madhav.kumar@student.example.edu,06591904614,IIT Chennai,Comp Sci,83.2%,2,REST APIs | git | dsa | Kafka | Microservices | cpp | SQL,39,,-
NIKHIL AGARWAL,nikhil.agarwal07@student.example.edu,+91 92119 87422,IIT Kharagpur,CSE,77.4%,0,"POSTGRESQL, rest api, SYSTEM DESIGN, github, algorithms, nodejs, JavaScript",58,Campus events app; Real-time collaborative whiteboard; Expense tracker in React,Backend intern at a SaaS company
chirag shenoy,chirag.shenoy03@student.example.edu,9871419346,manipal institute of technology,ECE,8.0/10,None,"python, postgres, Pandas, data structures and algorithms, Git",22,Resume parser with NLP,NA
Gauri Bhat,gauri.bhat24@student.example.edu,+91 71015 38888,MIT-Manipal,CSE,75.1%,Nil,linux | dsa | SQL | c++ | Python | GITHUB,51,Movie recommender with collaborative filtering;Fraud detection on card transactions;Call-quality anomaly detector,NA
Mihir Kumar,mihir.kumar03@student.example.edu,+91-7407932979,MIT Manipal,IT,78.2%,0,"redis, ts, react.js, sql, Node.js, REST APIs, data structures and algorithms, docker",60,Accessible component library; Campus events app; Real-time collaborative whiteboard,-
Priya Sharma,priya.sharma24@student.example.edu,82350-65771,NIT Trichy,Mathematics and Computing,78.4%,Nil,Git; C++; Microservices; REST APIs; DSA; kafka,41,Payment reconciliation service | Job queue with retries and dead letters,
Karan Patel,karan.patel07@student.example.edu,7968143761,NITW,Mechanical,7.76,Nil,"Git,SQL,node.js,Redis,ts",67,Expense tracker in React,Backend intern at a SaaS company
PRIYA MENON,priya.menon01@student.example.edu,7575507548,BITS Pilani,EE,8.39,None,Git; algorithms; aws; JavaScript; golang; postgres,55,Load balancer simulation,
zoya chatterjee,zoya.chatterjee03@student.example.edu,81389-95733,BITS Goa,CSE,8.18,0,DSA | Flask | Git | Machine Learning | Python | Linux,62,Movie recommender with collaborative filtering,None
Ishaan Jain,ishaan.jain01@student.example.edu,+91 88288 15534,IIT Kharagpur,CSE,8.36,0,"pandas, Python, DSA, system design, github",62,Sales forecasting dashboard; Movie recommender with collaborative filtering,Platform intern at a cloud services firm
varun bose,varun.bose@student.example.edu,+91-6797736837,NIT Calicut,ME,6.50,1,DSA | REST API | Java | Spring Boot | GITHUB,46,,-
Gaurav Shetty,gaurav.shetty03@student.example.edu,9361542023,NIT Tiruchirappalli,IT,5.9/10,None,SQL; REST APIs; Linux; github; ml; PYTHON,21/100,,NA
Uday Kulkarni,uday.kulkarni01@student.example.edu,+91 69280 39991,NIT Tiruchirappalli,ECE,6.4/10,0,GOLANG; REST APIs; Linux; Git; SQL,21,,None
Aditya Nair,aditya.nair@student.example.edu,8382228908,bits hyderabad,CSE,8.30,Nil,linux | data structures | Python | POSTGRESQL | AWS | rest api | Git,36/100,,SDE intern at a fintech startup
Varun Saxena,varun.saxena24@student.example.edu,+91 87193 95171,IIT Bombay,Mathematics and Computing,7.74,Nil,node.js | SQL | rest api | docker | Git | Django | dsa | C++,25/100,Chat server on WebSockets | Distributed key-value store in Go,Backend intern at a SaaS company
Aditi Kapoor,aditi.kapoor01@student.example.edu,7500283741,BITS Hyderabad,IT,7.77,Nil,"SQL,TypeScript,DSA,REST APIs,Git,react,node.js",66,Video call UI with WebRTC; Accessible component library,
Shreya Banerjee,SHREYA.BANERJEE01@STUDENT.EXAMPLE.EDU,6495455532,NIT Calicut,Comp Sci,9.49,0,"typescript,data structures,Docker,React,amazon web services,github,restful apis",86,Expense tracker in React; Video call UI with WebRTC; Real-time collaborative whiteboard,
Neha Yadav,neha.yadav@student.example.edu,9677046021,NIT Warangal,Comp Sci,7.58,2 active,"postgres, DSA, Git, Machine Learning, linux, python3",36,,-
ISHA VARGHESE,isha.varghese@student.example.edu,+91-8393485633,bits hyderabad,MnC,7.2/10,-,"SQL, pandas, Git, Machine Learning, dsa, python",49,Sentiment tracker for app reviews,
  Vivaan   Mehta ,vivaan.mehta@student.example.edu,8277132969,iit kharagpur,C.S.E,85.4%,None,docker | github | SQL | linux | python,49,Movie recommender with collaborative filtering | Sales forecasting dashboard,ML intern at a healthtech company
  Keerthana   Tiwari ,keerthana.tiwari11@student.example.edu,08655905880,IIT Bombay,ECE,7.21,0,"LINUX, C++, Docker, sql, Python, git",42,Log pipeline on Kafka,-
Yash Kamath,,6761503239,IIT Bombay,CSE,7.88,None,"SQL, restful apis, docker, kubernetes, Python, dsa, Git",40,Cloud cost monitor,NA
joel reddy,joel.reddy03@student.example.edu,88419-69412,iit delhi,CSE,72.1%,-,"rest api,Java,github,react.js,TypeScript,sql,DSA",18,Accessible component library,-
Riya Rao,riya.rao@student.example.edu,7967514237,MIT Manipal,Mech,8.01,Nil,"GCP, REST APIs, DOCKER, SQL, python3, DATA STRUCTURES AND ALGORITHMS, AWS, linux, Git",38,Cloud cost monitor,Frontend intern at an edtech startup
KEERTHANA HEGDE,KEERTHANA.HEGDE25@STUDENT.EXAMPLE.EDU,9653432827,NIT Calicut,CSE,8.1/10,1 active,"DSA, docker, GIT, SQL, REST APIs, Microservices, Go",25,URL shortener with Redis caching,NA
Nikhil Desai,nikhil.desai03@student.example.edu,09417162926,IIT Bombay,Electrical Engineering,78.0%,0,"cpp, algorithms, Django, linux, restful apis",55,Rate limiter for a public API; Payment reconciliation service,ML intern at a healthtech company
gaurav chauhan,,6818809204,Manipal Institute of Technology,Computer Science,8.48,None,flask; git; Pandas; rest api; Python; DSA,62,Sales forecasting dashboard | Movie recommender with collaborative filtering,None
RUCHI REDDY,ruchi.reddy03@student.example.edu,+91 83703 24921,Manipal Institute of Technology,ECE,7.68,0,"rest api, JavaScript, React, SQL",11,Real-time collaborative whiteboard,-
Aditya Yadav,,6035063897,IIT Bombay,E&C,7.49,0,Node.js | js | GITHUB | React,24,,-
  Trisha   Jain ,trisha.jain01@student.example.edu,8584016134,IIT Chennai,ME,8.42,-,"Node.js, TypeScript, rest apis, mysql, docker, DSA",46,Expense tracker in React;Accessible component library,None
Rohan Joshi,rohan.joshi@student.example.edu,+91-7732282058,IIT Kharagpur,ECE,8.11,-,"dsa, cpp, nodejs, REST APIs, kafka, Docker, Git, JavaScript",56,Distributed key-value store in Go;Rate limiter for a public API,NA
Gauri Nair,gauri.nair11@student.example.edu,8564695806,BITS Goa,Maths & Computing,6.74,NIL,SQL; Node.js; Java; Git,25,Inventory API with role-based access,NA
JAHNAVI TIWARI,,6973706133,BITS Hyd,Electrical Engineering,8.05,0,Python; DSA; JavaScript; pandas; linux; SQL; rest apis,41,Fraud detection on card transactions | Sentiment tracker for app reviews,None
YASH FERNANDES,yash.fernandes11@student.example.edu,+91-9105228413,IIT Bombay,CS,8.11,0,Microservices; REST APIs; github; linux; go; POSTGRES,45,Chat server on WebSockets;Payment reconciliation service,None
ANIKET SINHA,aniket.sinha03@student.example.edu,7400233833,MIT Manipal,Mathematics and Computing,8.29,2 active,"Node.js, DSA, cpp, Git, REST APIs",38,Inventory API with role-based access;URL shortener with Redis caching,Research intern at a university lab
SHREYA CHATTERJEE,shreya.chatterjee25@student.example.edu,8514942011,IIT Kharagpur,Mathematics and Computing,7.58,Nil,TypeScript; nodejs; postgresql; WebRTC; data structures; REST APIs; Git,58,Video call UI with WebRTC;Campus events app,ML intern at a healthtech company
Shruti Mishra,shruti.mishra11@student.example.edu,+91 82581 53800,NIT Calicut,ECE,8.01,Nil,"REST APIs, aws, Redis, DSA, postgres, Node.js, JavaScript, Docker",51,Video call UI with WebRTC | Campus events app | Food delivery app clone | Real-time collaborative whiteboard,Platform intern at a cloud services firm
kunal ghosh,kunal.ghosh11@student.example.edu,70329-88433,NIT Warangal,CSE,6.56,Nil,react.js | C++ | ts | hld | Node.js | postgresql | data structures and algorithms,55,,-
Yash Varghese,yash.varghese25@student.example.edu,6627255677,BITS Hyderabad,C.S.E,6.64,1,"POSTGRES,Microservices,DSA,Go,hld,RESTFUL APIS",24,,NA
Isha Banerjee,isha.banerjee11@student.example.edu,+91 72225 27707,MIT Manipal,Electronics and Communication,8.20,0,Redis; SQL; Go; python3; Git; rest apis; DSA,59,Job queue with retries and dead letters;Inventory API with role-based access,-
SAMEER SEN,SAMEER.SEN@STUDENT.EXAMPLE.EDU,7753721446,IIT Bombay,Information Technology,8.65,0,Git; c++; Redis; SQL; django; hld; REST APIs; dsa,90,Inventory API with role-based access;Chat server on WebSockets;Rate limiter for a public API,-
SAMEER NAIR,sameer.nair24@student.example.edu,79465-67796,IIT KGP,Computer Science and Engineering,7.12,-,"node,Java,DATA STRUCTURES AND ALGORITHMS,Git,postgres,linux,RESTFUL APIS",51,Distributed key-value store in Go | Chat server on WebSockets,
sanjana varghese,sanjana.varghese03@student.example.edu,7729018831,Indian Institute of Technology Bombay,Mechanical,83.0%,0,"Docker, Git, Python, postgresql, dsa, linux, Flask",51,Call-quality anomaly detector,NA
CHIRAG KAMATH,chirag.kamath07@student.example.edu,+91-6516835849,manipal institute of technology,CSE,6.23 CGPA,0,"data structures and algorithms,sql,Linux,Kafka,aws,go,rest api,JavaScript",34,,
Uday Krishnan,uday.krishnan01@student.example.edu,70979-17372,IIT Roorkee,Comp Sci,7.09,2,postgres | python | linux | Git,34/100,Cloud cost monitor,NA
RACHIT RAO,rachit.rao11@student.example.edu,6300172043,BITS Hyd,CSE,8.3/10,2 active,"rest api, machine learning, DSA, Python, postgresql, AWS",50,Sales forecasting dashboard;Resume parser with NLP,None
Waseem Chauhan,waseem.chauhan99@student.example.edu,+91-8465019065,nit warangal,Maths & Computing,6.54,1 active,"node.js, REST APIs, APACHE KAFKA, Git, SQL, golang, ALGORITHMS",23,,
ayesha banerjee,ayesha.banerjee@student.example.edu,7204456631,MIT Manipal,MnC,7.02,Nil,"DSA, REST APIs, github, React, sql, docker, JavaScript, JAVA, Node.js",17/100,,
Deepika Kumar,deepika.kumar07@student.example.edu,+91-9083635911,bits pilani,Computer Science,6.51,2,"github, Flask, DSA, C++, python, postgresql, REST APIs, PANDAS",51/100,Resume parser with NLP,Research intern at a university lab
IRFAN SHARMA,irfan.sharma07@student.example.edu,8956523755,I.I.T Roorkee,EE,7.2/10,0,"REST APIs,linux,data structures and algorithms,go,Kafka,git",57,Chat server on WebSockets,-
Madhav Kapoor,madhav.kapoor01@student.example.edu,09079747452,IIT Roorkee,EE,8.62,-,JavaScript; React; REST APIS; Git; DSA,79,Expense tracker in React | Food delivery app clone,SDE intern at a fintech startup
Karan Pillai,karan.pillai24@student.example.edu,+91-6978900410,BITS-Goa,Mechanical,88.2%,0,"System Design, docker, data structures and algorithms, Node.js, rest api, C++, git, sql",76/100,URL shortener with Redis caching | Rate limiter for a public API | Payment reconciliation service | Order service with Kafka events,-
Hrithik Sen,hrithik.sen03@student.example.edu,6220102541,nit trichy,Comp Sci,6.8/10,2,Linux | Microservices | hld | go | Redis,40,Job queue with retries and dead letters,
Aarav Gupta,aarav.gupta24@student.example.edu,8360698364,manipal institute of technology,Computer Science,7.5/10,None,"Git, javascript, Redis, mysql, REST APIs, DSA, node, react",31,Expense tracker in React,SDE intern at a logistics startup
yamini patel, YAMINI.PATEL@STUDENT.EXAMPLE.EDU ,6803907119,MIT Manipal,C.S.E,8.37,1 active,"rest apis,Python,SQL,AWS,docker,github,Pandas,data structures",55,Sales forecasting dashboard;Resume parser with NLP;Fraud detection on card transactions,None
Keerthana Sharma,keerthana.sharma24@student.example.edu,+91 73305 75344,MAHE Manipal,CSE,66.1%,1,"REST APIs,mysql,machine learning,Pandas,JavaScript,algorithms,github,Python",61,Sales forecasting dashboard,NA
YAMINI SAXENA,YAMINI.SAXENA01@STUDENT.EXAMPLE.EDU,68991-37535,IITM,CSE,7.76,0,"rest apis,Node.js,DOCKER,Git,JavaScript,DSA,sql",34,Expense tracker in React;Campus events app;Food delivery app clone,Data intern at an analytics firm
HARINI KUMAR,harini.kumar24@student.example.edu,8620619329,BITS-Pilani,CSE,7.78,None,dsa | REST APIs | ml | Pandas | Python | Git | sql | C++,Absent,Fraud detection on card transactions,NA
Faizan Saxena,faizan.saxena99@student.example.edu,8617313887,NIT Trichy,Computer Science and Engineering,8.62 CGPA,NIL,TypeScript; POSTGRES; redis; DSA,70,Campus events app,Data intern at an analytics firm
Parth Agarwal, PARTH.AGARWAL01@STUDENT.EXAMPLE.EDU ,+91 78800 12927,MIT Manipal,C.S.E,6.54,0,"React, Redis, SQL, Git, javascript, PYTHON3, DSA, REST API",34/100,Accessible component library,NA
Siddharth Banerjee,siddharth.banerjee11@student.example.edu,8308977908,"MIT, Manipal",Mathematics and Computing,7.44,0,mysql | hld | AWS | django | Java | Git | rest api | DSA | Redis,37,Distributed key-value store in Go,-
Dhruv Das,dhruv.das03@student.example.edu,08403983432,MIT Manipal,CS,6.60,None,"React,mysql,data structures and algorithms,Node.js,Git,REDIS,TypeScript",33,Accessible component library,None
ARJUN HEGDE,arjun.hegde@student.example.edu,8079344534,NIT Surathkal,C.S.E,70.0%,0,"python, postgresql, Pandas, system design, git, linux",39,,NA
Karan Singh,karan.singh01@student.example.edu,+91-9737656991,NIT Trichy,Electrical,8.9/10,-,github | DSA | Python | SQL | rest api | linux | FLASK | AWS,61,Churn prediction model | Fraud detection on card transactions,-
SAMEER CHATTERJEE,,07461463538,NIT Warangal,ECE,6.69,0,REST APIs; go; apache kafka; Java; SQL; microservices; DSA; Django; Git,53,,None
aditya pillai,aditya.pillai24@student.example.edu,09010594741,IIT-Bombay,Computer Science and Engineering,74.4%,-,docker | Python | Git | dsa | Machine Learning | SQL,33,,None
Aarav Desai,aarav.desai24@student.example.edu,6321906143,NITK Surathkal,Computer Science and Engineering,75.8%,-,"algorithms, Git, Microservices, springboot, Linux, Go, REST APIs",47,Rate limiter for a public API,None
HARSH SAXENA,harsh.saxena@student.example.edu,7152265352,"Birla Institute of Technology and Science, Pilani",CS,7.61,Nil,"github, java, springboot, REST APIs",21,Payment reconciliation service,
Yash Kumar,yash.kumar@student.example.edu,9146076378,iit madras,EE,91.3%,Nil,"SQL, redis, REST APIs, data structures, git, Go",79,Chat server on WebSockets | Rate limiter for a public API | Distributed key-value store in Go,-
Pallavi Singh,pallavi.singh99@student.example.edu,+91-8731874560,NIT Calicut,ECE,7.94,0,"DSA, Linux, SQL, PYTHON3",39,Call-quality anomaly detector,Backend intern at a SaaS company
rithika verma,rithika.verma99@student.example.edu,+91-6726695406,NIT Trichy,ECE,6.81,2,"Git, spring boot, REST APIs, SYSTEM DESIGN, Java",9,,NA
Tanvi Shetty,tanvi.shetty07@student.example.edu,9061324916,NIT Calicut,Computer Science and Engineering,7.44,-,REST APIS | C++ | nodejs | redis | Git | SQL,64,Payment reconciliation service;Inventory API with role-based access;URL shortener with Redis caching,None
Akhil Banerjee,akhil.banerjee@student.example.edu,08876112090,IIT Roorkee,CSE,8.27,None,spring boot | REST APIs | linux | c++ | Git | DSA,51,Order service with Kafka events; Chat server on WebSockets; Job queue with retries and dead letters,-
IRFAN SINHA,irfan.sinha24@student.example.edu,+91 80150 30627,iit delhi,CSE,7.52,0,"C++, REST APIs, Machine Learning, data structures, python3, Git, postgres, pandas",37,,Backend intern at a SaaS company
Shruti Hegde,shruti.hegde25@student.example.edu,8388725422,IIT Roorkee,ECE,,None,Go | SQL | dsa | restful apis | REDIS,82,Distributed key-value store in Go; Job queue with retries and dead letters; URL shortener with Redis caching,Backend intern at a SaaS company
Dhruv Ahmed,dhruv.ahmed@student.example.edu,8963891958,MIT Manipal,CSE,8.27,0,Git | SQL | Python | rest apis | Linux | FLASK | Pandas | algorithms,62,Fraud detection on card transactions | Resume parser with NLP,ML intern at a healthtech company
Hrithik Naidu,hrithik.naidu03@student.example.edu,+91-6120087874,BITS Pilani,C.S.E,6.62 CGPA,None,"typescript, github, docker, Node.js, REST APIs, aws, DSA",47,Accessible component library,NA
Gokul Reddy,gokul.reddy24@student.example.edu,07586040438,BITS Hyderabad,CSE,8.06,0,"Machine Learning,SYSTEM DESIGN,sql,pandas,Git,data structures and algorithms,Python",60,Sentiment tracker for app reviews; Churn prediction model; Call-quality anomaly detector,Platform intern at a cloud services firm
RIYA KRISHNAN,riya.krishnan01@student.example.edu,6445343966,iit delhi,Comp Sci,7.0/10,NIL,"git,DSA,Python,Kafka,springboot,REST APIs,java",18,,None
nandini mehta,nandini.mehta@student.example.edu,+91 81652 50990,NIT Trichy,Computer Science and Engineering,8.33,Nil,TypeScript | algorithms | Redis | system design | REST APIs | C++ | React,77,Accessible component library;Expense tracker in React;Food delivery app clone;Real-time collaborative whiteboard,Platform intern at a cloud services firm
Harini Das,harini.das25@student.example.edu,+91-8879896378,IITD,ECE,7.10,-,"node,redis,REST APIs,github,DSA,TypeScript",23,Real-time collaborative whiteboard,Research intern at a university lab
Pooja Tiwari,pooja.tiwari03@student.example.edu,+91 80758 90269,BITS Pilani Hyderabad,CSE,8.28,Nil,"Docker, restful apis, git, mysql, data structures, Linux, python3",50,Fraud detection on card transactions | Sales forecasting dashboard,SDE intern at a logistics startup
Pallavi Jain,pallavi.jain03@student.example.edu,+91-8954490059,NITW,CS,7.92,None,"data structures and algorithms, apache kafka, webrtc, Node.js, c++, Java, postgres",44,,None
Farah Agarwal,FARAH.AGARWAL03@STUDENT.EXAMPLE.EDU,+91-6585618720,MIT Manipal,EEE,6.53,1,"Go,Docker,restful apis,Git,AWS,k8s",19,,
Ashwin Joshi,ashwin.joshi24@student.example.edu,78824-79711,IIT Madras,MnC,8.57 CGPA,0,Django; apache kafka; SQL; DSA; Git; restful apis; Go,75,URL shortener with Redis caching; Payment reconciliation service,SDE intern at a logistics startup
Ashwin Prabhu,ASHWIN.PRABHU24@STUDENT.EXAMPLE.EDU,+91 77641 78696,IIT Delhi,Comp Sci,8.52,0,Linux; amazon web services; PYTHON; Git; Flask; SQL; DSA; REST APIs,69,Resume parser with NLP | Call-quality anomaly detector | Movie recommender with collaborative filtering,Data intern at an analytics firm
Madhav Thomas,madhav.thomas01@student.example.edu,9840078134,nit warangal,IT,6.89,NIL,"sql, Git, docker, python, Go, spring boot, data structures and algorithms, redis",41,Order service with Kafka events,None
Rachit Sinha,rachit.sinha@student.example.edu,6470660882,NIT Surathkal,Mech,6.40,2,"pandas, Docker, Flask, github, System Design, javascript, python",27,,-
Irfan Ahmed,irfan.ahmed11@student.example.edu,06432483941,MIT-Manipal,CSE,9.26,-,"AWS, REST API, ts, Docker, DSA, redis, mysql, github, JavaScript",76,Food delivery app clone; Campus events app; Accessible component library,
Fathima Chauhan,fathima.chauhan03@student.example.edu,6275336703,Manipal Institute of Technology,CS,6.82,Nil,"data structures,Git,REST APIs,ml,linux,python3",57,Resume parser with NLP; Fraud detection on card transactions,-
NANDINI JOSHI,nandini.joshi11@student.example.edu,09488726663,IIT Delhi,Computer Science,7.74,None,postgresql; REST APIs; microservices; DSA; cpp,48,Chat server on WebSockets,
Anjali Banerjee,anjali.banerjee@student.example.edu,7575288103,iit madras,Mathematics and Computing,7.58,-,Git; spring boot; rest api; node; Go; DSA; postgresql,,Chat server on WebSockets | Job queue with retries and dead letters,NA
Jatin Krishnan,jatin.krishnan07@student.example.edu,+91-6497710021,BITS Pilani,CSE,7.08,NIL,MACHINE LEARNING | Git | Python | sql | System Design | REST APIs,41,Resume parser with NLP,NA
Akash Varghese,akash.varghese11@student.example.edu,07816325710,iit roorkee,Computer Science and Engineering,6.8/10,1 active,"Git,C++,NODEJS,MICROSERVICES,REST APIs,KAFKA",32/100,,
Rahul Hegde,rahul.hegde@student.example.edu,+91-9195870576,NITC,CSE,8.15,Nil,JavaScript; git; DSA; rest api; SQL; java; REDIS,56,,Frontend intern at an edtech startup
AKHIL CHAUHAN,akhil.chauhan03@student.example.edu,+91 70620 78417,BITS Hyderabad,Electrical,7.3/10,-,"dsa, python3, Linux, django, SQL, restful apis, java, MICROSERVICES, Git",71,Order service with Kafka events,None
Tanvi Hegde,TANVI.HEGDE24@STUDENT.EXAMPLE.EDU,9393855027,BITS Goa,MnC,7.84,-,python; AWS; Flask; SQL; REST APIs; github; pandas,38,Sales forecasting dashboard,Research intern at a university lab
Pallavi Bhat,pallavi.bhat24@student.example.edu,67823-24015,NIT Surathkal,EE,77.4%,0,"ML, Python, PANDAS, Git, AWS, DSA, REST APIs, sql",42,Fraud detection on card transactions,ML intern at a healthtech company
Irfan Das,irfan.das03@student.example.edu,8459868086,IITM,ECE,7.39,None,"AWS, SQL, Node.js, Python, Git, REST APIs, React, redis, js",27/100,Real-time collaborative whiteboard,ML intern at a healthtech company
Riya Pai,riya.pai@student.example.edu,7128423574,IIT Bombay,Information Technology,7.98 CGPA,0,DSA; GIT; restful apis; System Design; Redis; TypeScript; nodejs,48,Expense tracker in React; Video call UI with WebRTC,Research intern at a university lab
Irfan Iyer,irfan.iyer24@student.example.edu,+91 60727 65081,"MIT, Manipal",ECE,7.63,0,DSA; sql; Linux; git; Python; Pandas,26,Sentiment tracker for app reviews;Sales forecasting dashboard,
Prateek Kumar,prateek.kumar11@student.example.edu,+91-8897310855,NIT Warangal,E&C,8.00,Nil,python | sql | REST APIs | DSA | Git | Flask,39,Fraud detection on card transactions; Call-quality anomaly detector,Research intern at a university lab
  Harsh   Tiwari ,harsh.tiwari01@student.example.edu,93741-97717,MIT Manipal,Maths & Computing,7.87,NIL,"Docker,REST APIs,CPP,Machine Learning,git,postgresql,Python,WebRTC,Linux",75,Sales forecasting dashboard; Resume parser with NLP,Frontend intern at an edtech startup
Faizan Bhat,faizan.bhat99@student.example.edu,9149006655,NIT Surathkal,ECE,78.1%,0,"Linux, Git, SQL, Java, DSA, REST APIs, golang",59,CI pipeline with automatic rollbacks | Cloud cost monitor,None
Yamini Sinha,yamini.sinha01@student.example.edu,+91 62100 08630,MIT-Manipal,Mathematics and Computing,82.7%,0,Node.js; postgres; REST APIs; system design; dsa; JavaScript; GIT; reactjs,69,Campus events app | Expense tracker in React | Food delivery app clone,NA
Mehul Agarwal,mehul.agarwal24@student.example.edu,06657782497,BITS Goa,C.S.E,71.3%,0,"mysql,restful apis,DSA,Git,JavaScript,Redis,react.js",41,,-
Priya Banerjee,priya.banerjee11@student.example.edu,6420722474,iit bombay,Information Technology,8.05,None,Linux | Python | REST APIS | Machine Learning | git | SQL,52,Resume parser with NLP; Sentiment tracker for app reviews; Movie recommender with collaborative filtering,NA
Sameer Desai,sameer.desai99@student.example.edu,+91 60741 44032,BITS Pilani,C.S.E,7.89,None,microservices | Git | System Design | Java | data structures and algorithms,50,Rate limiter for a public API,None
Harsh Varghese,harsh.varghese@student.example.edu,+91-9429350080,NIT Kozhikode,CSE,7.67,None,"DSA, rest api, github, golang, Redis, linux",44,Order service with Kafka events;URL shortener with Redis caching,Research intern at a university lab
shruti yadav,shruti.yadav01@student.example.edu,9852485734,IIT Bombay,MnC,7.77,Nil,Git; reactjs; algorithms; node.js; JavaScript; rest api,38,Real-time collaborative whiteboard,NA
Tanvi Shetty,tanvi.shetty07@student.example.edu,9061324916,NIT Calicut,Computer Science and Engineering,7.44,-,REST APIS | C++ | nodejs | redis | Git | SQL,64,Payment reconciliation service;Inventory API with role-based access;URL shortener with Redis caching,None
Navya Banerjee,navya.banerjee11@student.example.edu,7053208475,NIT Trichy,CSE,6.1/10,0,Docker; Go; REST APIs; Git; SQL; PYTHON; AWS,8,,
Ishaan Chauhan,ishaan.chauhan07@student.example.edu,08658202842,NIT Trichy,IT,8.07,0,Python | postgresql | dsa | REST APIs | pandas | Git,37,Sales forecasting dashboard,NA
Meera Shetty,meera.shetty03@student.example.edu,6647629339,IIT Bombay,Computer Science,7.7/10,0,System Design | REST APIs | postgresql | python3 | DOCKER | Git,57,Kubernetes autoscaler experiment | Cloud cost monitor | Log pipeline on Kafka,None
faizan hegde,faizan.hegde11@student.example.edu,6217218909,BITS-Pilani,EE,8.17,0,JavaScript | REST APIs | sql | Git | react.js,31,Real-time collaborative whiteboard; Accessible component library,-
SANJANA NAIR,sanjana.nair11@student.example.edu,+91-7326300847,BITS Hyderabad,CS,8.19,None,"DSA, SQL, REST APIS, python, flask, System Design",48,Churn prediction model,
Bhavya Fernandes, BHAVYA.FERNANDES25@STUDENT.EXAMPLE.EDU ,+91 76111 31555,nit warangal,C.S.E,6.36,1,redis | Git | rest api | algorithms | SQL | c++,5,,NA
Joel Kulkarni,joel.kulkarni03@student.example.edu,8386209086,iit delhi,ECE,83.9%,2 active,C++ | pandas | github | SQL | flask | Linux | python3,-,Sentiment tracker for app reviews; Call-quality anomaly detector; Fraud detection on card transactions,
FARAH SINHA,farah.sinha99@student.example.edu,6760291083,bits hyderabad,CSE,67.1%,2 active,"c++, node, rest apis, Microservices, apache kafka, DSA, Git",36,Payment reconciliation service,-
Neha Pillai,neha.pillai24@student.example.edu,+91 81133 78687,NIT Trichy,C.S.E,8.89,0,"react,git,JavaScript,sql,rest apis,dsa,Redis,amazon web services",52,Video call UI with WebRTC | Real-time collaborative whiteboard | Food delivery app clone,Platform intern at a cloud services firm
Fathima Nair,fathima.nair99@student.example.edu,+91 90031 03961,NIT Calicut,IT,8.20,-,"Redis,docker,react,TypeScript,DSA,GIT",72,Real-time collaborative whiteboard | Campus events app,Research intern at a university lab
Chirag Sen,chirag.sen01@student.example.edu,+91 66215 43665,MIT Manipal,CSE,8.18,0,"DSA, Git, Python, linux, sql, Java, REST APIs",61,Movie recommender with collaborative filtering;Sales forecasting dashboard,Platform intern at a cloud services firm
Mehul Joshi,mehul.joshi@student.example.edu,+91 67595 31916,BITS Goa,Mechanical Engineering,7.6/10,NIL,Python; algorithms; AWS; Git; sql,63,Kubernetes autoscaler experiment; CI pipeline with automatic rollbacks; Self-hosted metrics stack,NA
ARVIND VERMA,arvind.verma11@student.example.edu,08213999693,MIT Manipal,ECE,9.4/10,-,dsa | Linux | Git | mysql | Python | rest apis,90,Sentiment tracker for app reviews;Sales forecasting dashboard;Movie recommender with collaborative filtering;Fraud detection on card transactions,Backend intern at a SaaS company
Vivaan Verma,vivaan.verma@student.example.edu,+91 81843 97213,IIT Bombay,CSE,8.35,2 active,Git; REST APIs; redis; data structures; Linux; SQL; Go,74/100,Payment reconciliation service | Rate limiter for a public API,SDE intern at a logistics startup
divya jain,divya.jain25@student.example.edu,6777379131,IIT Chennai,IT,8.0/10,None,"algorithms, Python, amazon web services, gcp, Linux, REST APIs",50,Kubernetes autoscaler experiment;Self-hosted metrics stack,Data intern at an analytics firm
Fathima Chatterjee,fathima.chatterjee@student.example.edu,+91 98307 47972,MIT Manipal,ME,8.34,NIL,Flask; SQL; Git; python3; DSA; restful apis,86,Fraud detection on card transactions;Sentiment tracker for app reviews,NA
Gokul Das,gokul.das24@student.example.edu,6472170890,BITS Goa,CSE,6.29 CGPA,2,"Linux, Node.js, postgresql, JAVA, DSA, Docker, apache kafka",41,URL shortener with Redis caching | Inventory API with role-based access,NA
Ayesha Mehta,ayesha.mehta25@student.example.edu,+91 63081 85496,IIT Kharagpur,ECE,7.19,None,react.js; SQL; typescript; c++; data structures and algorithms; Git; node.js; REST APIs,39,Video call UI with WebRTC,NA
Sanjana Shenoy,sanjana.shenoy@student.example.edu,66937-56076,NITK Surathkal,Computer Science and Engineering,8.01,-,"amazon web services,REST APIs,Git,postgres,React,docker,DSA,javascript",66,Food delivery app clone | Campus events app | Real-time collaborative whiteboard,-
KARAN BOSE,karan.bose01@student.example.edu,93858-64928,NIT Surathkal,Computer Science and Engineering,72.9%,-,C++; Git; postgres; REST APIS; aws; algorithms; Kafka; MICROSERVICES,45,Job queue with retries and dead letters,NA
  Pooja   Shenoy ,pooja.shenoy25@student.example.edu,8033155691,IIT Delhi,Computer Science and Engineering,8.5/10,NIL,"REST APIs,redis,react.js,TypeScript,Git,postgresql,System Design",50,Real-time collaborative whiteboard; Food delivery app clone,None
Akash Fernandes,,+91 96527 10079,IIT Bombay,CSE,6.06,2,Redis | rest apis | github | javascript | DSA,44,Expense tracker in React | Real-time collaborative whiteboard,-
Rachit Menon,rachit.menon25@student.example.edu,74481-81669,IIT Kharagpur,ECE,8.1/10,0,"Git, JavaScript, dsa, REST APIs, Node.js",7,Accessible component library,NA
Neha Singh,neha.singh11@student.example.edu,+91 70923 42491,NIT Warangal,C.S.E,7.69 CGPA,Nil,"node.js, dsa, rest api, Git, MICROSERVICES, Java, sql, Spring Boot",23,Order service with Kafka events | Distributed key-value store in Go | URL shortener with Redis caching,ML intern at a healthtech company
Arvind Shetty,arvind.shetty@student.example.edu,+91 73553 04108,NIT Calicut,E&C,7.81 CGPA,0,"restful apis,ts,data structures and algorithms,nodejs,GITHUB,REDIS,SQL",64,Food delivery app clone | Real-time collaborative whiteboard,NA
Bhavya Iyer,bhavya.iyer25@student.example.edu,8744832320,nit trichy,Computer Science and Engineering,6.8/10,None,Spring Boot | Git | DSA | C++ | django | SQL,33,Inventory API with role-based access,-
RITHIKA PAI,rithika.pai03@student.example.edu,08850475378,NIT Tiruchirappalli,CS,7.03,2 active,"SQL, DSA, rest api, React, Git, JAVASCRIPT",47,,
Sruthi Dutta,,8090393653,iit bombay,CSE,7.42,0,"docker, nodejs, SQL, AWS, algorithms, Java, Git, django",42,Job queue with retries and dead letters,Data intern at an analytics firm
Rithika Singh,rithika.singh@student.example.edu,+91 71279 52651,bits hyderabad,CSE,7.75,0,"Python, Linux, dsa, k8s, mysql",51/100,,NA
Tejas Kapoor,tejas.kapoor03@student.example.edu,9893109756,NIT Surathkal,Electrical,7.69,None,dsa | nodejs | TypeScript | docker | sql,63,Real-time collaborative whiteboard | Campus events app,NA
Mehul Verma,mehul.verma07@student.example.edu,87783-46353,IIT Kharagpur,Computer Science and Engineering,8.89,0,"REST APIs, Linux, hld, data structures and algorithms, Git, Python",61,Resume parser with NLP,SDE intern at a fintech startup
Karthik Kumar,KARTHIK.KUMAR@STUDENT.EXAMPLE.EDU,7269695557,BITS Goa,CSE,6.7/10,None,Go | system design | C++ | Git | mysql | REST APIs | microservices,43,Job queue with retries and dead letters,-
Nandini Kumar,nandini.kumar01@student.example.edu,7054873354,BITS Pilani,EEE,8.3/10,0,"git, node, rest apis, ts, DSA",59,Real-time collaborative whiteboard | Accessible component library | Food delivery app clone,Research intern at a university lab
Anjali Das,anjali.das03@student.example.edu,+91 61951 41561,nit trichy,EE,7.19,2,"Redis,python3,JavaScript,restful apis,reactjs,Git,mysql,DSA",30,Real-time collaborative whiteboard; Campus events app,-
DIVYA TIWARI,DIVYA.TIWARI99@STUDENT.EXAMPLE.EDU,09140318912,Manipal Institute of Technology,E&C,68.7%,2,"Python, mysql, C++, git, LINUX",41,,-
Rohan Sharma,,+91-9226643357,MIT Manipal,CSE,6.98,0,Git; REST APIs; DSA; docker; postgres; Linux; python3,33,,NA
IRFAN SHETTY,irfan.shetty@student.example.edu,+91-8390531515,IIT KGP,E&C,85.3%,0,"C++, DSA, restful apis, AWS, Node.js, go",61,Distributed key-value store in Go | Job queue with retries and dead letters,-
Jahnavi Prabhu,jahnavi.prabhu07@student.example.edu,6282659024,IIT Madras,Computer Science and Engineering,6.98,0,"SQL, DSA, JavaScript, React, Node.js, REST APIs, git",43,,None
Yash Gupta,yash.gupta99@student.example.edu,+91-8535500636,NIT Warangal,Computer Science,8.6/10,0,amazon web services; rest api; java; Linux; DSA; SQL,95,Payment reconciliation service; Chat server on WebSockets,ML intern at a healthtech company
YASH SINGH,YASH.SINGH@STUDENT.EXAMPLE.EDU,+91-8205817434,IITKGP,CSE,7.3/10,1 active,SQL; JavaScript; REST APIs; redis; GIT,21,,
Darshan Bose,darshan.bose25@student.example.edu,+91-9232582228,NIT Surathkal,CS,8.07,Nil,"JavaScript, DSA, REST APIs, Git, react, SQL",49,Video call UI with WebRTC;Expense tracker in React,SDE intern at a logistics startup
Rithika Das,rithika.das@student.example.edu,9853756157,NIT Warangal,MnC,7.64,None,"pandas, linux, python, DSA, SQL, Git, docker",-,Sales forecasting dashboard,None
VEDANT RAO,vedant.rao24@student.example.edu,+91-9977894668,BITS Pilani,CSE,6.18,-,Redis; cpp; REST APIs; typescript; github; Node.js; DSA,26,Expense tracker in React,None
Siddharth Singh,siddharth.singh25@student.example.edu,8185557377,MIT Manipal,E&C,8.22,0,rest api; Git; Spring Boot; docker; java; DSA,54,Chat server on WebSockets | Job queue with retries and dead letters | URL shortener with Redis caching,
Keerthana Jain,keerthana.jain01@student.example.edu,+91 63614 01069,NIT Calicut,Electronics & Communication,8.38,0,"Python,git,hld,linux,mysql,REST APIs,Flask",42,Churn prediction model; Sentiment tracker for app reviews,Research intern at a university lab
Deepika Rao,deepika.rao99@student.example.edu,6938289067,BITS Hyderabad,ME,8.22,1,python | Git | DSA | PANDAS | SQL | rest api | Linux,34,Call-quality anomaly detector | Sales forecasting dashboard,NA
Ashwin Desai,ashwin.desai25@student.example.edu,+91 81619 34862,iit bombay,EEE,9.47 CGPA,0,"git, SQL, redis, django, java, microservices, dsa, rest api",74,Rate limiter for a public API; Job queue with retries and dead letters; Distributed key-value store in Go,SDE intern at a fintech startup
  Pooja   Sinha ,pooja.sinha@student.example.edu,+91 70709 30209,IIT Madras,Computer Science and Engineering,8.61,-,"hld, DSA, Git, restful apis, Redis, Go",73,Distributed key-value store in Go; Job queue with retries and dead letters; Rate limiter for a public API,None
Anjali Ghosh,anjali.ghosh01@student.example.edu,+91-9616954204,MIT Manipal,CSE,8.18,0,"Docker, rest apis, git, mysql, go, DSA, Microservices, AWS, nodejs",75,Inventory API with role-based access; Job queue with retries and dead letters; Rate limiter for a public API,Platform intern at a cloud services firm
Shreya Tiwari,shreya.tiwari03@student.example.edu,6918937968,bits pilani,CSE,8.61,0,TypeScript | reactjs | git | rest api | SQL | redis | Java | Node.js,64,Food delivery app clone; Video call UI with WebRTC,SDE intern at a logistics startup
Vedant Thomas,vedant.thomas@student.example.edu,+91 69710 45406,IIT Delhi,CSE,7.80,Nil,Go; javascript; DOCKER; Git; algorithms; k8s; SQL,18,Load balancer simulation | Log pipeline on Kafka,None
Divya Menon,divya.menon07@student.example.edu,6014272869,NITW,CSE,6.40,0,SQL | REST APIs | js | Git | DATA STRUCTURES | redis,22/100,Video call UI with WebRTC,
Vidya Kumar,vidya.kumar07@student.example.edu,+91 90277 27744,BITS Hyd,Maths & Computing,7.9/10,0,"git,REST APIs,REACT.JS,JavaScript,nodejs",48,Video call UI with WebRTC; Campus events app,
SIDDHARTH JAIN,siddharth.jain03@student.example.edu,7625382490,MIT Manipal,ECE,6.95,0,"DSA,Git,python,amazon web services,flask,machine learning",52,Sentiment tracker for app reviews,Frontend intern at an edtech startup
Ruchi Nair, RUCHI.NAIR25@STUDENT.EXAMPLE.EDU ,+91-6836360868,NIT Warangal,Mechanical,6.19,0,Pandas | linux | PYTHON3 | REST APIs | Git | SQL,17,,
GAURI NAIDU,gauri.naidu@student.example.edu,06247160002,NITT,CSE,7.07 CGPA,None,HLD | git | Microservices | sql | REST APIs | cpp,28,,NA
DIVYA SAXENA,divya.saxena25@student.example.edu,+91 64025 10823,NIT Calicut,Mechanical,7.76 CGPA,0,"Git, Redis, TYPESCRIPT, node, DSA, SQL",36,Video call UI with WebRTC,NA
Anjali Patel,ANJALI.PATEL24@STUDENT.EXAMPLE.EDU,09162107824,IITD,CSE,6.66,-,"webrtc,js,REST APIs,Docker,hld,react,node",41,Campus events app,Frontend intern at an edtech startup
  Ashwin   Varghese ,ashwin.varghese@student.example.edu,9390766462,NIT Warangal,CSE,7.8/10,None,"rest api, DSA, nodejs, TypeScript",64,Campus events app; Real-time collaborative whiteboard,Backend intern at a SaaS company
Priya Dutta,PRIYA.DUTTA07@STUDENT.EXAMPLE.EDU,9193590408,IIT Delhi,Electronics and Communication,73.9%,0,"Git, node, rest apis, ts, SQL, Redis, algorithms",42/100,Campus events app | Accessible component library,-
darshan iyer,,08772479828,IITR,CSE,8.16,0,rest api | Git | mysql | python3 | amazon web services | docker,62/100,Self-hosted metrics stack | CI pipeline with automatic rollbacks | Cloud cost monitor,Backend intern at a SaaS company
Pooja Joshi,pooja.joshi99@student.example.edu,8011202909,BITS Goa,Mechanical,8.1/10,Nil,"Git, postgresql, RESTFUL APIS, JAVA, AWS, Redis",37,,NA
Farah Pai,FARAH.PAI01@STUDENT.EXAMPLE.EDU,+91 80319 77443,Manipal Institute of Technology,Mathematics and Computing,7.86,NIL,python3 | Flask | ml | Git | pandas | SQL | system design,50/100,Resume parser with NLP | Churn prediction model,-
  Mehul   Fernandes ,mehul.fernandes01@student.example.edu,9247631959,IIT Madras,Comp Sci,81.4%,0,"data structures, React, Node.js, git, rest api, docker, TypeScript",44,Video call UI with WebRTC,Frontend intern at an edtech startup
Trisha Mishra,TRISHA.MISHRA24@STUDENT.EXAMPLE.EDU,9152325738,IIT Bombay,ECE,7.51,-,Node.js | react | DSA | js | GITHUB | hld | REST APIs | C++ | SQL,57/100,Video call UI with WebRTC; Food delivery app clone; Real-time collaborative whiteboard; Accessible component library,SDE intern at a logistics startup
aniket pai,aniket.pai07@student.example.edu,+91-7051393925,iit roorkee,Electronics & Communication,71.4%,Nil,"GIT, amazon web services, DSA, JAVASCRIPT, TypeScript, SQL, Redis",19,,None
harsh kamath,harsh.kamath@student.example.edu,6809197060,IIT-Bombay,Mechanical,6.82 CGPA,2 active,github | restful apis | node.js | SQL | go,44,Rate limiter for a public API,None
Nandini Sharma,nandini.sharma01@student.example.edu,+91 72314 12398,IIT Madras,EE,7.75,0,"AWS, REST APIs, DOCKER, Go, github, SQL, DSA",58,Load balancer simulation;Self-hosted metrics stack,Backend intern at a SaaS company
Gokul Shenoy,gokul.shenoy@student.example.edu,9969298270,iit bombay,Computer Science and Engineering,8.02,0,PYTHON3; Git; restful apis; data structures and algorithms; System Design; GCP; sql,44,Load balancer simulation;Self-hosted metrics stack,-
PRATEEK HEGDE,prateek.hegde07@student.example.edu,+91 84135 32618,IIT Roorkee,ECE,71.2%,Nil,data structures; MYSQL; Docker; REST APIS; C++; Kubernetes; Git; Go,,Kubernetes autoscaler experiment,NA
Kunal Verma,kunal.verma@student.example.edu,6063879968,IIT Madras,CSE,8.67 CGPA,0,"DSA, Linux, C++, Git, springboot, RESTFUL APIS",64,Distributed key-value store in Go;Inventory API with role-based access,-
Anjali Nair,anjali.nair07@student.example.edu,09356281188,NIT Calicut,EE,6.75,-,"pandas,SQL,dsa,Python,REST APIs",27,Churn prediction model | Movie recommender with collaborative filtering,None
rakesh kumar,rakesh.kumar01@student.example.edu,06752209266,IIT Delhi,CS,,0,data structures and algorithms; amazon web services; linux; Python; rest apis; Git; postgres; Pandas,Absent,Fraud detection on card transactions | Movie recommender with collaborative filtering,SDE intern at a logistics startup
TEJAS RAO,tejas.rao@student.example.edu,6273596962,I.I.T Roorkee,EE,72.3%,Nil,mysql | C++ | restful apis | apache kafka | DSA | DOCKER | Django | Git,19,Payment reconciliation service,NA
Rakesh Menon,rakesh.menon03@student.example.edu,7488782161,IITM,Mech,62.1%,1 active,"Linux, JavaScript, DSA, Docker, python, SQL, Machine Learning, git",Absent,,None
Ruchi Sharma,ruchi.sharma@student.example.edu,6430069087,IITD,ECE,81.2%,NIL,Linux | docker | Git | python3 | data structures | pandas | webrtc | SQL,53/100,Sentiment tracker for app reviews,Research intern at a university lab
Omkar Yadav,omkar.yadav07@student.example.edu,6259951568,IIT Bombay,ECE,7.54,0,"git, microservices, linux, AWS, REST APIs, Go, node",48,Job queue with retries and dead letters,-
ROHAN SHETTY,rohan.shetty01@student.example.edu,6245586070,IITM,ECE,8.19 CGPA,0,"SQL, WEBRTC, Python, data structures and algorithms, GCP, github, docker",24,Load balancer simulation,Data intern at an analytics firm
Ananya Saxena,ananya.saxena24@student.example.edu,+91 68811 98710,NIT Trichy,Computer Science,8.71,0,"SQL,REST APIs,webrtc,DSA,Redis,Git,cpp,Django",71,Distributed key-value store in Go; Order service with Kafka events; URL shortener with Redis caching,None
Faizan Agarwal,faizan.agarwal03@student.example.edu,8014743074,NITK,CSE,7.83,Nil,"Pandas,REST APIs,FLASK,Python,DSA,SQL",76,Movie recommender with collaborative filtering,NA
Soham Krishnan,soham.krishnan03@student.example.edu,+91-8076564738,BITS-Goa,Computer Science,6.82,1,"mysql,Git,REST APIs,System Design,Machine Learning,python",54,Fraud detection on card transactions,-
Vidya Shetty,vidya.shetty@student.example.edu,8808719905,BITS Hyderabad,C.S.E,7.68,Nil,"DSA, SQL, Node.js, git, rest api, Go",22,Job queue with retries and dead letters,None
Vedant Kumar,vedant.kumar25@student.example.edu,9732072847,bits goa,CSE,8.26,None,"rest apis, node.js, sql, Git, redis, c++, dsa, KAFKA",AB,Job queue with retries and dead letters; Order service with Kafka events; Inventory API with role-based access,Research intern at a university lab
Vivaan Chauhan,vivaan.chauhan25@student.example.edu,+91-7165411260,NIT Surathkal,CSE,,Nil,"Linux, restful apis, Python, sql, docker, Git",26,Call-quality anomaly detector,None
DHRUV PATEL,dhruv.patel@student.example.edu,+91 99134 43808,BITS Goa,CSE,7.46,0,"JavaScript,dsa,rest api,git,golang,linux,SQL,microservices,System Design",48,Payment reconciliation service,-
Neha Kumar,neha.kumar@student.example.edu,+91 86799 23559,iit kharagpur,EEE,8.37,0,docker; DSA; Python,74,CI pipeline with automatic rollbacks; Kubernetes autoscaler experiment; Cloud cost monitor,Frontend intern at an edtech startup
tanvi kulkarni,tanvi.kulkarni@student.example.edu,8121040416,NITK Surathkal,Computer Science,7.41,0,"dsa, POSTGRES, Linux, git, Python",28,,Backend intern at a SaaS company
PRIYA BANERJEE,priya.banerjee11@student.example.edu,+91-6420722474,iit bombay,Information Technology,8.05,None,Linux | Python | REST APIS | Machine Learning | git | SQL,52,Resume parser with NLP; Sentiment tracker for app reviews; Movie recommender with collaborative filtering,NA
Vedant Pillai,vedant.pillai03@student.example.edu,6979153011,bits hyderabad,CSE,7.64,Nil,AWS | redis | DSA | REST APIs | TypeScript | Git,49/100,Accessible component library,None
Neha Kulkarni,NEHA.KULKARNI99@STUDENT.EXAMPLE.EDU,+91 66235 10666,IIT Delhi,CSE,8.31,1,"Java, TypeScript, data structures, Redis, restful apis",66,Food delivery app clone,
Sanjana Naidu,sanjana.naidu25@student.example.edu,9412475203,IIT Bombay,M&C,8.33,0,restful apis; Linux; Java; DSA,62,Payment reconciliation service;URL shortener with Redis caching,Backend intern at a SaaS company
Uday Das,UDAY.DAS03@STUDENT.EXAMPLE.EDU,7463070630,nit calicut,ME,7.48,NIL,"nodejs, rest apis, dsa, Git, React, SQL, TypeScript",33,Video call UI with WebRTC,None
Gaurav Ahmed,gaurav.ahmed@student.example.edu,6090978179,NIT Calicut,CSE,86.5%,0,github | Python | typescript | restful apis | System Design | reactjs | AWS | data structures and algorithms,68,Accessible component library | Video call UI with WebRTC,NA
RACHIT NAIDU,rachit.naidu03@student.example.edu,+91 69355 04590,IIT Kharagpur,EE,6.90,Nil,Java | mysql | Linux | DSA | Python | rest api,36,Churn prediction model; Movie recommender with collaborative filtering,ML intern at a healthtech company
Farah Kumar,farah.kumar24@student.example.edu,8914394136,Manipal Institute of Technology,E&C,7.39,1 active,"Git, JavaScript, data structures and algorithms, Node.js, REST APIs, docker",25/100,,NA
Jahnavi Reddy,jahnavi.reddy25@student.example.edu,9928071381,NIT Warangal,Mechanical,7.88,Nil,DSA | SQL | C++ | spring boot | github | REST APIs | Node.js,63/100,Rate limiter for a public API,NA
  Keerthana   Pillai ,keerthana.pillai03@student.example.edu,81859-19409,iit kharagpur,Information Technology,8.41,0,Docker; hld; data structures; GCP; restful apis; golang; github; AWS,69,Cloud cost monitor | Log pipeline on Kafka | Self-hosted metrics stack,Backend intern at a SaaS company
Karthik Mehta,KARTHIK.MEHTA07@STUDENT.EXAMPLE.EDU,+91-8154886336,IIT-Bombay,CS,,0,"go,restful apis,Microservices,linux,JavaScript,dsa,redis,Git,SQL",62,Inventory API with role-based access;Chat server on WebSockets;Job queue with retries and dead letters,ML intern at a healthtech company
Pooja Patel,POOJA.PATEL07@STUDENT.EXAMPLE.EDU,70206-50578,IIT Madras,CS,7.08,NIL,"REST APIs, Docker, TypeScript, Node.js, github",28,,None
Ashwin Fernandes,ASHWIN.FERNANDES@STUDENT.EXAMPLE.EDU,6901360369,IIT Roorkee,Mechanical Engineering,8.67,None,"Go,Django,GIT,ALGORITHMS,REST APIs",70,Job queue with retries and dead letters; Payment reconciliation service,ML intern at a healthtech company
  Karan   Bose ,karan.bose01@student.example.edu,09385864928,NIT Surathkal,Computer Science and Engineering,72.9%,-,C++; Git; postgres; REST APIS; aws; algorithms; Kafka; MICROSERVICES,45,Job queue with retries and dead letters,NA
  Gaurav   Jain ,gaurav.jain@student.example.edu,89853-24537,BITS-Goa,CSE,7.24,0,spring boot; redis; C++; REST APIs; microservices,16,,None
KARTHIK SHETTY,karthik.shetty25@student.example.edu,9988387467,BITS Goa,Electronics & Communication,8.26,None,"GO,postgres,REST APIs,Microservices,redis,springboot,data structures",59,Chat server on WebSockets; Rate limiter for a public API; Inventory API with role-based access,-
ANANYA DUTTA,ANANYA.DUTTA24@STUDENT.EXAMPLE.EDU,07549662201,MIT Manipal,I.T.,6.42,0,Linux; GO; Django; REST APIs; Git,25,,None
Rohan Patel,rohan.patel24@student.example.edu,08995806784,MIT Manipal,Electronics & Communication,8.14 CGPA,2,"rest apis, algorithms, SQL, go, Kafka",64,Payment reconciliation service;Rate limiter for a public API,NA
Shreya Jain,shreya.jain01@student.example.edu,8704667132,BITS Hyderabad,Mathematics and Computing,8.00,NIL,"Linux, Go, python3, rest api, Git, DSA, Kafka, SQL",60,Chat server on WebSockets,Research intern at a university lab
Ayesha Sharma,ayesha.sharma99@student.example.edu,+91 69717 66976,BITS-Goa,Mechanical Engineering,8.32,0,"sql, GCP, C++, Git, REST APIs, algorithms, PYTHON, System Design",47,Log pipeline on Kafka;Load balancer simulation;Self-hosted metrics stack,NA
Shruti Khan,shruti.khan11@student.example.edu,8244230828,MIT Manipal,C.S.E,8.8/10,0,"DSA,javascript,Git,REST APIs,python,React,mysql",-,Food delivery app clone | Accessible component library | Video call UI with WebRTC,Research intern at a university lab
Ashwin Tiwari,ashwin.tiwari11@student.example.edu,7146232548,BITS Goa,Comp Sci,6.80,0,AWS | DSA | restful apis | Microservices | Go | django | linux | Docker | SQL | github,34/100,,None
Ananya Bhat,ananya.bhat99@student.example.edu,+91 61491 05865,BITS Goa,CSE,7.6/10,NIL,PYTHON; SQL; REST APIs; Machine Learning; DSA; java,46,Sales forecasting dashboard | Sentiment tracker for app reviews,SDE intern at a logistics startup
Madhav Desai,MADHAV.DESAI01@STUDENT.EXAMPLE.EDU,7757334131,MIT Manipal,CSE,8.05,0,"SQL,amazon web services,Go,python,github",42,Cloud cost monitor,
siddharth bhat,siddharth.bhat24@student.example.edu,+91-7419762301,NIT Trichy,Electronics and Communication,8.17,0,"javascript,Node.js,REACT.JS,SQL,dsa",56,Food delivery app clone,None
Gokul Kapoor,gokul.kapoor24@student.example.edu,09016029687,MIT Manipal,CSE,8.25,0,"spring boot, DSA, kafka, postgres, go, Git, RESTFUL APIS",60,Rate limiter for a public API;Payment reconciliation service,Backend intern at a SaaS company
SWATI KHAN,swati.khan03@student.example.edu,9895873404,iit roorkee,EE,8.0/10,-,aws | Go | Git | linux | data structures | REST APIs,53/100,CI pipeline with automatic rollbacks;Cloud cost monitor,-
NAVYA KUMAR,navya.kumar01@student.example.edu,+91 89603 63396,NIT Calicut,MnC,8.75,2 active,DATA STRUCTURES AND ALGORITHMS | Kafka | AWS | REST APIs | Go | node | System Design,82,Payment reconciliation service;Order service with Kafka events;Inventory API with role-based access,Data intern at an analytics firm
Shruti Chatterjee,shruti.chatterjee25@student.example.edu,8111904955,NITC,EE,8.07,0,"Node.js,github,React,javascript,DSA,mysql,redis,REST APIs",71,Expense tracker in React,SDE intern at a logistics startup
Aditya Pillai,aditya.pillai24@student.example.edu,9010594741,IIT-Bombay,Computer Science and Engineering,74.4%,-,docker | Python | Git | dsa | Machine Learning | SQL,33,,None
Prateek Naidu,prateek.naidu07@student.example.edu,6959663833,NITK Surathkal,Comp Sci,7.58,NIL,"DSA, python, docker, Flask, github, REST APIs",36,Sentiment tracker for app reviews; Call-quality anomaly detector,-
Nandini Chauhan,nandini.chauhan03@student.example.edu,8310268089,MIT Manipal,CSE,8.89,0,"Git,Flask,python3,Pandas,Machine Learning,DSA,Docker,System Design",45,Movie recommender with collaborative filtering,None
ANJALI SHARMA,anjali.sharma03@student.example.edu,+91 61934 51358,IITM,EEE,8.7/10,None,"algorithms,PYTHON,REST APIs,flask,POSTGRES,linux",62,Resume parser with NLP;Call-quality anomaly detector,
Anjali Naidu,anjali.naidu11@student.example.edu,9886087602,NIT Surathkal,Computer Science and Engineering,8.26,None,"Linux, Python, DSA, kubernetes, github, Docker, go",58,Self-hosted metrics stack; CI pipeline with automatic rollbacks; Log pipeline on Kafka,ML intern at a healthtech company
Aniket Joshi,aniket.joshi03@student.example.edu,9092208946,NITK Surathkal,EEE,9.11 CGPA,0,"node, SQL, React, typescript, git, DSA, restful apis",,Accessible component library | Real-time collaborative whiteboard,SDE intern at a fintech startup
Arjun Ahmed,arjun.ahmed24@student.example.edu,8638285311,Manipal Institute of Technology,CSE,8.56,0,sql | WEBRTC | React | Node.js | JavaScript | DSA | Git,67,Campus events app;Food delivery app clone;Real-time collaborative whiteboard,-
SIDDHARTH TIWARI,siddharth.tiwari01@student.example.edu,+91-8692391002,IITR,ME,8.76,0,"React, typescript, docker, github, algorithms, nodejs",51,Campus events app,None
HARINI TIWARI,harini.tiwari25@student.example.edu,07938524034,MIT Manipal,E&C,7.9/10,-,"pandas, SQL, restful apis, python, DSA, Machine Learning, github",43/100,,-
gokul banerjee,gokul.banerjee@student.example.edu,+91-7093125678,NIT Karnataka,Computer Science,8.1/10,2,"docker,Flask,python3,algorithms,pandas",64,Movie recommender with collaborative filtering; Sales forecasting dashboard; Sentiment tracker for app reviews,Research intern at a university lab
Nandini Kulkarni,nandini.kulkarni01@student.example.edu,07635741232,manipal institute of technology,E&C,7.87 CGPA,2,Git; java; REST APIs; docker; Node.js; data structures; postgresql; JavaScript,45,Campus events app; Expense tracker in React,
Riya Patel,riya.patel@student.example.edu,89804-74476,IIT Roorkee,Maths & Computing,7.68,0,java; REST APIs; JavaScript; React; Git; Docker; data structures,33,Food delivery app clone,SDE intern at a fintech startup
Parth Kamath,parth.kamath25@student.example.edu,+91 63288 28538,IITM,Information Technology,81.6%,Nil,github; Linux; Java; REST API; django; DSA,57,Payment reconciliation service;Rate limiter for a public API,SDE intern at a logistics startup
lakshmi shenoy,lakshmi.shenoy01@student.example.edu,9431863503,IIT Delhi,ECE,8.18,Nil,GITHUB | JavaScript | SQL | Node.js | System Design | restful apis | data structures,91,Video call UI with WebRTC; Accessible component library,NA
Vidya Ghosh,vidya.ghosh24@student.example.edu,9371461645,IIT Roorkee,CS,8.97,0,Redis; DSA; typescript; GITHUB; docker; REST APIs,69,Expense tracker in React;Campus events app;Accessible component library,NA
Nikhil Ahmed,nikhil.ahmed99@student.example.edu,7598922398,IITB,C.S.E,6.6/10,2 active,"GITHUB, DSA, REST APIs, postgresql, flask, Machine Learning, Python",60,Fraud detection on card transactions; Churn prediction model,-
SAHIL SHETTY,sahil.shetty03@student.example.edu,62601-04633,IIT Roorkee,CSE,7.96 CGPA,NIL,"nodejs, TS, POSTGRESQL, React, DSA, github, REST APIs, redis",37,Video call UI with WebRTC;Campus events app,
Jahnavi Ghosh, JAHNAVI.GHOSH99@STUDENT.EXAMPLE.EDU ,99166-93334,NIT Kozhikode,CSE,7.37,0,"postgresql, node, Docker, React, C++, data structures and algorithms, REST APIs, Git, TypeScript",59,Food delivery app clone; Accessible component library,-
Swati Sharma,swati.sharma@student.example.edu,+91-9280221691,NIT Trichy,Comp Sci,7.50 CGPA,0,"DSA, REDIS, NODE, java",62,Order service with Kafka events; URL shortener with Redis caching; Rate limiter for a public API,Platform intern at a cloud services firm
FAIZAN SHETTY,faizan.shetty25@student.example.edu,8643210104,IIT Madras,CSE,7.80,Nil,REST APIs | Redis | React | JavaScript | data structures | SQL | GIT,73/100,Food delivery app clone,
deepika jain,deepika.jain99@student.example.edu,6764425997,IIT Chennai,Computer Science and Engineering,6.47,NIL,"PYTHON3, Docker, Machine Learning",66,Call-quality anomaly detector | Sales forecasting dashboard,SDE intern at a logistics startup
Varun Sinha,varun.sinha@student.example.edu,7954617485,BITS Pilani,EE,8.0/10,0,"dsa, sql, python3, Flask, Docker",52,Resume parser with NLP,NA
Mehul Prabhu,mehul.prabhu@student.example.edu,6040607396,BITS Hyderabad,I.T.,8.26 CGPA,0,kafka; restful apis; data structures; java; SQL,56,Inventory API with role-based access,None
SAHIL SHARMA,SAHIL.SHARMA07@STUDENT.EXAMPLE.EDU,8267261718,BITS Pilani Goa Campus,Electrical,7.12,1 active,"Redis, System Design, Java, REST APIs, Node.js, DSA, Git",26,,Data intern at an analytics firm
Soham Chatterjee,soham.chatterjee03@student.example.edu,8672287751,"MIT, Manipal",I.T.,7.4/10,1,"go,node,DSA,rest apis,microservices,Linux",67,Distributed key-value store in Go; Chat server on WebSockets; URL shortener with Redis caching,
  Sneha   Hegde ,sneha.hegde03@student.example.edu,+91 70343 95050,IIT Kharagpur,EE,7.15,Nil,"Linux,github,python3",44,CI pipeline with automatic rollbacks | Self-hosted metrics stack,-
Manish Kulkarni,manish.kulkarni03@student.example.edu,77355-64736,BITS Hyderabad,CSE,75.6%,None,Django; REST APIs; DSA; MYSQL; nodejs; c++; spring boot,43,Inventory API with role-based access,-
Sruthi Ahmed,sruthi.ahmed25@student.example.edu,09260486152,NIT Warangal,Electronics & Communication,7.13,0,"rest apis,golang,redis,postgres,DSA",-,Job queue with retries and dead letters,
ISHA AGARWAL,isha.agarwal@student.example.edu,+91 88864 00444,NIT Kozhikode,I.T.,7.91,-,"Linux,Git,node.js,AWS,postgresql,DATA STRUCTURES AND ALGORITHMS,javascript,C++",33,,
  Prateek   Menon ,prateek.menon03@student.example.edu,+91-8980714291,NIT Warangal,EEE,5.8/10,NIL,"SQL,Node.js,DOCKER,rest api,React,JavaScript,DSA",56,,NA
Divya Sen,divya.sen@student.example.edu,+91 90570 07765,IITKGP,CSE,6.65,-,POSTGRESQL; cpp; machine learning; rest apis; LINUX; github; data structures and algorithms; Python; docker; WebRTC,35,Sales forecasting dashboard,None
ANIKET MISHRA,aniket.mishra24@student.example.edu,9850431262,Manipal Institute of Technology,Comp Sci,8.29 CGPA,-,"Linux,webrtc,C++,Node.js,django,postgresql,ALGORITHMS",62,Order service with Kafka events | Chat server on WebSockets | Distributed key-value store in Go,Frontend intern at an edtech startup
Omkar Chauhan,,07888772271,nit warangal,ECE,7.57,0,"REST APIs, SQL, data structures, ts, Node.js, hld, GITHUB",45,Expense tracker in React,ML intern at a healthtech company
Tanvi Naidu,tanvi.naidu24@student.example.edu,9989839202,MIT Manipal,IT,7.37,2 active,Git | restful apis | node.js | javascript | DSA,50,Video call UI with WebRTC,
Nikhil Khan,nikhil.khan99@student.example.edu,+91 62362 98398,iit delhi,Computer Science and Engineering,6.97,0,REST APIs | Machine Learning | Git | Pandas | postgres | data structures and algorithms | Flask | Python,56,Fraud detection on card transactions,
Harini Desai,harini.desai01@student.example.edu,7273746400,IIT Kharagpur,CS,6.87 CGPA,1 active,"REST APIs,Git,Redis,JavaScript,DSA,React",59/100,Video call UI with WebRTC,Platform intern at a cloud services firm
Aniket Kulkarni,aniket.kulkarni99@student.example.edu,+91 86553 64377,iit madras,ECE,7.69,Nil,"Linux, go, Git, rest apis, algorithms",37/100,Self-hosted metrics stack,-
VIDYA KHAN,vidya.khan25@student.example.edu,8558369106,BITS Goa,M&C,6.59,0,"REST APIs, AWS, ALGORITHMS, DOCKER, git, Go",50,Self-hosted metrics stack,
Rakesh Tiwari,rakesh.tiwari24@student.example.edu,+91 79488 13668,"Birla Institute of Technology and Science, Pilani",MnC,85.1%,0,"SQL, System Design, Python, Git, Machine Learning, REST APIs",54,Fraud detection on card transactions;Movie recommender with collaborative filtering,None
ADITYA AGARWAL,aditya.agarwal99@student.example.edu,+91 73325 77724,iit delhi,Computer Science and Engineering,86.0%,NIL,SQL | python3 | pandas | data structures and algorithms | REST APIs | git | Docker,54,Sentiment tracker for app reviews; Call-quality anomaly detector,Backend intern at a SaaS company
Yamini Krishnan,yamini.krishnan11@student.example.edu,+91-7873271667,NITK Surathkal,CSE,7.48,-,"Python, postgres, system design, docker",49,,NA
Vidya Krishnan,vidya.krishnan25@student.example.edu,85729-57065,IIT Bombay,CSE,7.55,Nil,"GIT, ALGORITHMS, rest apis, MICROSERVICES, node.js, java, apache kafka",78,Order service with Kafka events | Rate limiter for a public API | Chat server on WebSockets,ML intern at a healthtech company
DEEPIKA SHETTY,deepika.shetty03@student.example.edu,07299709724,NIT Calicut,CSE,7.59,0,WebRTC; REST APIs; SQL; Pandas; Linux; python3; git,44,Movie recommender with collaborative filtering,NA
prateek kamath,prateek.kamath01@student.example.edu,+91 81434 12293,BITS Hyderabad,ECE,6.95,2,java; REST APIs; django; POSTGRES; Kafka; github,27,Chat server on WebSockets,NA
  Ishaan   Kamath ,ishaan.kamath01@student.example.edu,07596492476,MIT Manipal,CSE,9.02,NIL,"sql, k8s, go, GCP, data structures, Git",82/100,Kubernetes autoscaler experiment; Load balancer simulation; CI pipeline with automatic rollbacks,-
Parth Ahmed,parth.ahmed@student.example.edu,+91 60704 57154,iit bombay,EE,8.2/10,0,github; SQL; react; javascript; algorithms; System Design; REST APIS,52/100,Accessible component library,NA
  Yamini   Gupta ,yamini.gupta24@student.example.edu,06028384600,NITK Surathkal,CSE,7.59,0,"linux, go, REST API, WEBRTC, Kafka, SQL, Git, algorithms",46/100,Order service with Kafka events;Job queue with retries and dead letters,NA
Deepika Varghese,deepika.varghese11@student.example.edu,+91-9866001727,iit roorkee,IT,7.67,0,"Git,redis,postgres,data structures,rest apis,C++,WebRTC",44,Job queue with retries and dead letters,
Rakesh Krishnan,rakesh.krishnan07@student.example.edu,9020548552,NITW,Information Technology,8.02,NIL,reactjs; REST APIs; DATA STRUCTURES; postgresql; Node.js; ts,45,Expense tracker in React,-
Tejas Verma,tejas.verma01@student.example.edu,7154455096,NIT Karnataka,Mech,7.52 CGPA,-,Kafka | github | C++ | amazon web services | node.js | DATA STRUCTURES,57/100,Job queue with retries and dead letters,-
Isha Hegde,isha.hegde24@student.example.edu,+91 99670 27150,IIT KGP,Comp Sci,6.84,2,"Kubernetes, GCP, Go, SQL, algorithms",31,,-
Kunal Thomas,kunal.thomas@student.example.edu,+91 98355 04799,BITS Goa,IT,6.8/10,0,hld | data structures and algorithms | SQL | linux | cpp | Microservices,86,URL shortener with Redis caching; Distributed key-value store in Go; Rate limiter for a public API,None
Aarav Banerjee,aarav.banerjee@student.example.edu,6250107988,BITS Hyderabad,C.S.E,8.06,None,"ALGORITHMS, JavaScript, reactjs, Git, REST APIs, SQL",72/100,Food delivery app clone;Accessible component library,SDE intern at a fintech startup
Nisha Krishnan,nisha.krishnan@student.example.edu,8061711334,BITS Pilani,CSE,8.7/10,0,DSA | Git | REST APIs | go | Linux,80,Rate limiter for a public API; Order service with Kafka events,SDE intern at a fintech startup
SWATI KAPOOR,swati.kapoor25@student.example.edu,+91 78291 35600,IIT Bombay,Electronics & Communication,7.9/10,0,DATA STRUCTURES; REST APIs; git; ts; SQL; Redis,46,Video call UI with WebRTC,
Ashwin Krishnan,ashwin.krishnan03@student.example.edu,+91-6464538605,IITKGP,CSE,6.50,None,rest api | Git | node | AMAZON WEB SERVICES | SQL | System Design | algorithms | React | typescript,40,Real-time collaborative whiteboard,Data intern at an analytics firm
Gaurav Nair,gaurav.nair24@student.example.edu,7809651365,NIT Kozhikode,Mathematics and Computing,8.02,0,"JavaScript, data structures, Git, Node.js, SQL, Redis, rest apis",49,Campus events app;Expense tracker in React;Video call UI with WebRTC,SDE intern at a fintech startup
Dhruv Varghese,dhruv.varghese03@student.example.edu,+91 78600 50155,nit warangal,ECE,7.46,1,"Python, github, DSA, SQL, ml, rest api",31/100,Sentiment tracker for app reviews,-
Divya Saxena,DIVYA.SAXENA25@STUDENT.EXAMPLE.EDU,6402510823,NIT Calicut,Mechanical,7.76 CGPA,0,"Git, Redis, TYPESCRIPT, node, DSA, SQL",36,Video call UI with WebRTC,NA
  Gauri   Gupta ,gauri.gupta@student.example.edu,76775-97638,iit madras,C.S.E,6.36,1 active,"restful apis,springboot,Kafka,C++,Git,postgresql,Node.js,algorithms",40,Distributed key-value store in Go,-
Sahil Yadav,sahil.yadav99@student.example.edu,7534451177,MIT-Manipal,Electronics & Communication,9.10,0,"algorithms,Git,Docker,restful apis,amazon web services,python3,SQL",77,Kubernetes autoscaler experiment | Self-hosted metrics stack | Cloud cost monitor,-
Vedant Kapoor,vedant.kapoor03@student.example.edu,07067359228,iit kharagpur,Computer Science and Engineering,79.8%,NIL,"Go,nodejs,SQL,docker,Git,DATA STRUCTURES,kafka,rest apis",67/100,Chat server on WebSockets; Distributed key-value store in Go,Platform intern at a cloud services firm
Gokul Ahmed,gokul.ahmed11@student.example.edu,08345771394,"MIT, Manipal",Comp Sci,7.37,None,"ts,Redis,github,node.js,REST APIs",16,,
Shruti Sen,shruti.sen11@student.example.edu,+91 62524 23531,NIT Kozhikode,CSE,8.62,NIL,LINUX; Docker; go; DSA; GIT; kafka; REST APIs,44,Job queue with retries and dead letters | Chat server on WebSockets | Rate limiter for a public API,-
PRANAV SHETTY,pranav.shetty01@student.example.edu,7542791286,IIT Delhi,CSE,6.7/10,1,"Redis, hld, AWS, Git, REST APIs, Microservices, postgresql, C++",33,Chat server on WebSockets;Order service with Kafka events,-
Akhil Krishnan,AKHIL.KRISHNAN03@STUDENT.EXAMPLE.EDU,9449910883,NIT Calicut,CSE,,Nil,"REST APIs, AWS, TypeScript, react, data structures",41,Expense tracker in React | Video call UI with WebRTC,
VIVAAN SINHA,vivaan.sinha03@student.example.edu,8144671009,N.I.T. Warangal,Information Technology,8.26,0,"cpp,aws,Pandas,Git,Linux,Machine Learning,SQL,restful apis,Python",38,Sales forecasting dashboard,None
VARUN KUMAR,VARUN.KUMAR11@STUDENT.EXAMPLE.EDU,6316232052,IIT Kharagpur,CSE,8.44,0,DOCKER; GCP; DSA; System Design; python; aws; github,46,Self-hosted metrics stack;CI pipeline with automatic rollbacks;Kubernetes autoscaler experiment,NA
Parth Reddy,parth.reddy11@student.example.edu,86012-91410,IIT Madras,C.S.E,86.7%,Nil,"algorithms, REST APIs, pandas, C++, SQL, python3",Absent,Sentiment tracker for app reviews;Sales forecasting dashboard;Call-quality anomaly detector,NA
Madhav Sinha,madhav.sinha11@student.example.edu,7927957699,NITK Surathkal,Computer Science and Engineering,80.9%,Nil,"dsa,git,springboot,restful apis,go,mysql",,Rate limiter for a public API;Payment reconciliation service,ML intern at a healthtech company
Gokul Verma,gokul.verma25@student.example.edu,7617657944,IIT Madras,Electrical,7.71,-,"k8s, Git, DSA, docker, SQL, Go, amazon web services, C++",64,Load balancer simulation | CI pipeline with automatic rollbacks | Kubernetes autoscaler experiment,-
Fathima Bose,FATHIMA.BOSE99@STUDENT.EXAMPLE.EDU,+91-7621889150,NIT Trichy,Comp Sci,8.85,1 active,Java | Node.js | DSA | REST APIs | SQL | django | aws | Git | Python,60,Rate limiter for a public API; Inventory API with role-based access,SDE intern at a logistics startup
ROHAN MISHRA,rohan.mishra01@student.example.edu,8317045684,IIT Roorkee,I.T.,7.54,0,"Go,rest apis,Kafka,java,data structures,SQL",24,Chat server on WebSockets,NA
harini hegde,harini.hegde25@student.example.edu,75097-51202,IIT Bombay,Mechanical Engineering,7.29,Nil,python3 | git | Docker | SQL | System Design | flask,50,Sales forecasting dashboard;Churn prediction model;Fraud detection on card transactions,None
Ruchi Bose,ruchi.bose03@student.example.edu,7404337949,iit bombay,CSE,73.6%,0,"Git,node.js,rest apis,Java,DSA,apache kafka",21,Job queue with retries and dead letters,NA
rakesh bhat, RAKESH.BHAT07@STUDENT.EXAMPLE.EDU ,09707810446,bits pilani,IT,72.7%,0,"SQL, DSA, restful apis, C++, Spring Boot",9,Job queue with retries and dead letters; Order service with Kafka events,None
Manish Hegde, MANISH.HEGDE25@STUDENT.EXAMPLE.EDU ,6820835654,NIT Surathkal,Electrical,63.1%,0,python3 | REST APIs | Linux | Git,33,,-
Akash Mehta,akash.mehta07@student.example.edu,7219894333,BITS Goa,Mathematics and Computing,67.4%,NIL,AWS; git; System Design; js; SQL; Docker; Java; REST APIs; microservices,41,Inventory API with role-based access,NA
ANUSHA IYER,anusha.iyer03@student.example.edu,61546-38806,I.I.T Roorkee,Mathematics and Computing,6.88,0,DSA | Go | REST APIs | Microservices | mysql | Node.js | GIT,24,Payment reconciliation service,None
Jahnavi Mehta,JAHNAVI.MEHTA@STUDENT.EXAMPLE.EDU,8108044771,BITS Hyderabad,Computer Science,84.9%,0,"Git,Django,postgres,REST APIs,DSA,springboot,java",29,Distributed key-value store in Go | Inventory API with role-based access,Research intern at a university lab
Gaurav Bhat,GAURAV.BHAT03@STUDENT.EXAMPLE.EDU,82862-45066,IIT Madras,IT,7.1/10,Nil,"REST APIs, SQL, System Design, java, Microservices, Git, spring boot",33,URL shortener with Redis caching,ML intern at a healthtech company
zoya yadav,zoya.yadav03@student.example.edu,+91 80255 03025,NITK,CS,7.6/10,2 active,Microservices | Node.js | DSA | GIT | GOLANG | django | rest api | SQL,36,,
Ashwin Naidu,ashwin.naidu24@student.example.edu,+91-9674523688,IIT Madras,ECE,7.43 CGPA,0,"docker, postgresql, algorithms, Linux, REST APIs, Python, GITHUB, flask",48,Sales forecasting dashboard | Resume parser with NLP,SDE intern at a logistics startup
Gokul Khan,gokul.khan03@student.example.edu,9195596024,BITS-Goa,ECE,83.5%,0,"SQL, TS, React, DSA",64,Food delivery app clone | Accessible component library,SDE intern at a logistics startup
Rachit Shetty,rachit.shetty@student.example.edu,06379112163,NIT Warangal,Computer Science,7.72,NIL,docker; github; Linux; data structures; C++; python3; restful apis; SQL; aws,25,Self-hosted metrics stack,Platform intern at a cloud services firm
RAHUL NAIDU,rahul.naidu11@student.example.edu,+91 62159 95904,nit trichy,CSE,7.27,2 active,"DSA,C++,ts,react.js,rest api,git,SQL,Redis,Docker",Absent,,None
  Jatin   Naidu ,jatin.naidu@student.example.edu,97201-66059,IIT Madras,CSE,74.1%,0,"Git,Go,Microservices,Node.js,redis,JavaScript",49,Inventory API with role-based access;Chat server on WebSockets,None
Darshan Fernandes,darshan.fernandes@student.example.edu,6415312698,BITS Pilani,ECE,8.29,None,c++ | rest apis | ALGORITHMS | GIT | node,,Chat server on WebSockets | URL shortener with Redis caching,-
Lakshmi Saxena,LAKSHMI.SAXENA@STUDENT.EXAMPLE.EDU,6796416230,NIT Surathkal,CSE,7.17,0,REST APIs; Node.js; DSA; typescript; reactjs,46/100,Real-time collaborative whiteboard,None
Ayesha Nair,ayesha.nair11@student.example.edu,95772-81688,NIT Calicut,Computer Science and Engineering,7.83,-,"algorithms,Java,Docker,github,apache kafka,RESTFUL APIS",67,Inventory API with role-based access,NA
Waseem Prabhu,waseem.prabhu25@student.example.edu,9203879248,NIT Surathkal,CS,7.82 CGPA,0,Git; Go; k8s; sql; DSA; DOCKER,66,Cloud cost monitor | CI pipeline with automatic rollbacks,NA
PRATEEK REDDY,prateek.reddy@student.example.edu,6278561663,NIT Calicut,CSE,8.87 CGPA,-,redis; system design; ts; REST APIs; mysql; dsa; node.js; git,77,Real-time collaborative whiteboard | Campus events app | Video call UI with WebRTC,-
Hrithik Varghese,hrithik.varghese25@student.example.edu,+91 61906 32686,NIT Surathkal,CSE,7.41,0,"React, WEBRTC, Docker, Git, SQL, REST APIs, JAVASCRIPT",54/100,Expense tracker in React | Video call UI with WebRTC,NA
Kavya Shenoy,kavya.shenoy@student.example.edu,66632-58775,IIT Madras,Electronics and Communication,8.18 CGPA,1,"ALGORITHMS, node.js, REST APIs, System Design, TypeScript",51,Video call UI with WebRTC | Food delivery app clone | Campus events app,-
Farah Iyer,farah.iyer11@student.example.edu,+91-9506204285,NIT Surathkal,CSE,7.58,NIL,"java, REST APIs, Django, spring boot, Kafka, SQL, Git",63,Payment reconciliation service; Rate limiter for a public API,Backend intern at a SaaS company
  Arvind   Yadav ,arvind.yadav11@student.example.edu,9948400377,BITS Hyderabad,Computer Science,7.46,-,Go; SQL; Docker; restful apis; System Design; Git; DSA; nodejs; Linux,36,Rate limiter for a public API;Chat server on WebSockets,NA
Gokul Naidu,gokul.naidu@student.example.edu,+91 80067 42044,bits goa,Computer Science,8.22 CGPA,None,"git, postgres, REST APIs, typescript, DSA, Redis",34,Video call UI with WebRTC | Real-time collaborative whiteboard,ML intern at a healthtech company
Swati Menon,swati.menon24@student.example.edu,+91 83708 71708,IIT-Bombay,Information Technology,6.52,None,DSA | Git | SQL | Linux | AWS | REST APIs | golang,19/100,,-
Farah Kulkarni,farah.kulkarni01@student.example.edu,+91-9810702378,BITS-Goa,Electronics and Communication,9.00,-,"Redis, Docker, SQL, DSA, rest apis, system design, reactjs, javascript",86,Food delivery app clone;Expense tracker in React,Frontend intern at an edtech startup
Bhavya Ghosh,bhavya.ghosh24@student.example.edu,79126-17685,NIT Calicut,CS,8.13,0,"GCP, golang, data structures, hld, docker, REST APIs, Git, Kubernetes",53,Log pipeline on Kafka | Cloud cost monitor | CI pipeline with automatic rollbacks | Self-hosted metrics stack,Backend intern at a SaaS company
Madhav Fernandes,madhav.fernandes99@student.example.edu,7537266299,NIT Surathkal,E&C,7.2/10,1 active,"Kafka,rest apis,SQL,redis,java,dsa,Django",41,Rate limiter for a public API,
Shreya Bose,shreya.bose@student.example.edu,9727457510,MAHE Manipal,ECE,85.8%,Nil,DSA | docker | python | hld | GCP | SQL | REST APIs | java | Git,66,Log pipeline on Kafka;Cloud cost monitor;Load balancer simulation,Research intern at a university lab
Tejas Saxena,tejas.saxena@student.example.edu,7319918028,BITS Pilani,C.S.E,8.2/10,None,"Microservices,SQL,AWS,Linux,Java,redis,c++,git,data structures,rest apis",51/100,Distributed key-value store in Go | Payment reconciliation service | Rate limiter for a public API,NA
Tanvi Khan,tanvi.khan24@student.example.edu,9956157041,BITS Hyderabad,CSE,6.51,0,AWS; C++; Git; Go; Kubernetes,39,CI pipeline with automatic rollbacks,NA
Deepika Chauhan,deepika.chauhan@student.example.edu,+91-9562912440,I.I.T. Delhi,M&C,7.45,NIL,"data structures and algorithms,Git,Go,SQL,redis,node",25,Payment reconciliation service,-
Yash Desai,yash.desai@student.example.edu,07797672675,NITK Surathkal,EE,77.9%,-,"Git, WebRTC, redis, C++, System Design, SQL, REST APIs, AWS",21,,None
Ashwin Jain,ashwin.jain01@student.example.edu,+91 75251 10608,IIT KGP,EE,7.42,Nil,linux | DSA | Java | DJANGO | rest api | Docker | postgresql,44,Payment reconciliation service;Job queue with retries and dead letters;Order service with Kafka events,None
Harsh Desai,HARSH.DESAI@STUDENT.EXAMPLE.EDU,6979007234,MAHE Manipal,Computer Science and Engineering,7.98,2,"git,python3,REST APIs,DATA STRUCTURES AND ALGORITHMS,SQL,Pandas",91,Sales forecasting dashboard; Movie recommender with collaborative filtering; Sentiment tracker for app reviews,Research intern at a university lab
Arvind Das,arvind.das24@student.example.edu,+91-9175098882,iit kharagpur,Information Technology,7.87,0,"Node.js,django,C++,DSA,Kafka,git,AWS,rest api",28,Rate limiter for a public API;Job queue with retries and dead letters;URL shortener with Redis caching,Backend intern at a SaaS company
Jahnavi Ghosh,jahnavi.ghosh99@student.example.edu,9916693334,NIT Kozhikode,CSE,7.37,0,"postgresql, node, Docker, React, C++, data structures and algorithms, REST APIs, Git, TypeScript",59,Food delivery app clone; Accessible component library,-
Mehul Mishra,mehul.mishra07@student.example.edu,78356-22175,IIT Bombay,IT,6.52,0,restful apis; postgresql; Node.js; github; Java,21,Job queue with retries and dead letters,Backend intern at a SaaS company
Soham Rao,soham.rao07@student.example.edu,8021483932,nit calicut,EE,95.9%,Nil,"algorithms, GCP, Go, postgresql, git",81,Self-hosted metrics stack; Log pipeline on Kafka; CI pipeline with automatic rollbacks,Data intern at an analytics firm
Yash Ghosh,YASH.GHOSH24@STUDENT.EXAMPLE.EDU,6467322802,bits hyderabad,CSE,7.42 CGPA,0,"MACHINE LEARNING, dsa, Flask, REST APIs, sql, GIT, C++, Python",22,,Frontend intern at an edtech startup
Tanvi Kumar,tanvi.kumar@student.example.edu,+91 62971 64732,NIT Trichy,IT,85.2%,0,"Microservices, DSA, linux, github, django, REST APIS, Java",,URL shortener with Redis caching;Distributed key-value store in Go;Chat server on WebSockets,NA
pallavi krishnan,pallavi.krishnan07@student.example.edu,89923-27716,NIT Karnataka,Electronics and Communication,8.34,0,"AWS,DSA,kubernetes,github,SQL,golang",44,Cloud cost monitor; Kubernetes autoscaler experiment,Backend intern at a SaaS company
Nikhil Mehta,nikhil.mehta@student.example.edu,+91-7093968033,MIT Manipal,Computer Science,85.5%,None,redis | typescript | SQL | JAVA | restful apis | Node.js | algorithms | Git,40,Real-time collaborative whiteboard,Platform intern at a cloud services firm
Manish Jain,manish.jain11@student.example.edu,9537084437,BITS Pilani,CSE,7.41,NIL,Git; reactjs; restful apis; docker; ts; Redis; DSA,44,Expense tracker in React,SDE intern at a fintech startup
Nikhil Sinha,nikhil.sinha@student.example.edu,+91-7962903136,BITS-Pilani,Mathematics and Computing,8.57,NIL,"dsa,sql,pandas,Python,github",61,Call-quality anomaly detector;Movie recommender with collaborative filtering,NA
Arjun Sen,arjun.sen03@student.example.edu,09864830524,IIT Madras,C.S.E,8.12,NIL,"data structures,Git,PYTHON,SQL,REST APIs,Pandas",46,Sentiment tracker for app reviews,-
Hrithik Thomas,hrithik.thomas11@student.example.edu,08629547514,IIT Bombay,Mechanical Engineering,9.38,NIL,"REST API, WebRTC, DSA, Git, javascript, Redis",72,Video call UI with WebRTC; Expense tracker in React; Real-time collaborative whiteboard; Campus events app,Frontend intern at an edtech startup
Anjali Ahmed,anjali.ahmed11@student.example.edu,08478711535,NIT Warangal,C.S.E,76.5%,Nil,"data structures and algorithms,Docker,python",53,Load balancer simulation,Backend intern at a SaaS company
Divya Bhat,divya.bhat@student.example.edu,+91-9605573431,IITKGP,Computer Science and Engineering,8.32,Nil,"dsa, javascript, REST APIs, Git, Node.js, amazon web services",55,,-
RITHIKA REDDY,rithika.reddy24@student.example.edu,72762-09226,BITS Pilani,I.T.,8.46,0,git; AWS; docker; SQL; python3; data structures; REST APIs,57,CI pipeline with automatic rollbacks;Kubernetes autoscaler experiment,NA
Aniket Thomas,aniket.thomas99@student.example.edu,+91 66395 59517,NITW,Electrical Engineering,7.32,0,"c++,Linux,REST APIs,SQL,Docker,DATA STRUCTURES,Git",30,Order service with Kafka events,
Gokul Sen,gokul.sen11@student.example.edu,06441418463,BITS Pilani,CSE,8.23,-,"GITHUB, DSA, rest apis, Docker, python3, Kubernetes, AWS",58,Cloud cost monitor; Load balancer simulation,Backend intern at a SaaS company
RAKESH PATEL,rakesh.patel25@student.example.edu,7213476599,NIT Trichy,CSE,7.72,NIL,Go | aws | Django | git | kafka | restful apis,44,Job queue with retries and dead letters; Distributed key-value store in Go,-
  Sneha   Chatterjee ,sneha.chatterjee03@student.example.edu,08261609876,MIT Manipal,MnC,7.00,1 active,Git | data structures | SQL | Python | Linux,35,Movie recommender with collaborative filtering,NA
HARINI CHAUHAN,harini.chauhan01@student.example.edu,+91 92062 22596,MIT-Manipal,ECE,63.3%,Nil,rest api; algorithms; linux; Python; SQL,9,,-
Karthik Verma,karthik.verma99@student.example.edu,+91 73099 66246,NIT Kozhikode,EE,8.0/10,None,"GCP, AWS, DSA, hld, javascript, python3",64,CI pipeline with automatic rollbacks | Log pipeline on Kafka | Cloud cost monitor,None
Ayesha Iyer,ayesha.iyer03@student.example.edu,+91-9552064987,BITS-Pilani,CSE,7.95,0,"Java, redis, REST APIs, Docker, System Design, dsa, github, postgresql",85,Payment reconciliation service; Rate limiter for a public API,ML intern at a healthtech company
Ananya Kamath,,6133527723,NIT Warangal,ECE,84.8%,0,"hld,algorithms,react.js,Git,JavaScript,REST APIs",69,Video call UI with WebRTC,None
Sameer Joshi,sameer.joshi07@student.example.edu,+91-9813993992,IIT Kharagpur,ECE,7.04,0,DSA; Git; TypeScript; rest api; React; SQL,18,Real-time collaborative whiteboard,
Rachit Kapoor,rachit.kapoor07@student.example.edu,9748375564,MIT Manipal,Mechanical,7.64,None,"SQL, SPRING BOOT, C++, Kafka, rest api, algorithms",51/100,Chat server on WebSockets,None
Gauri Shetty,gauri.shetty11@student.example.edu,+91-6708818104,nit calicut,C.S.E,7.7/10,-,"DSA, NODEJS, Kafka, redis, REST APIs, C++, Git, amazon web services",41,Rate limiter for a public API; Distributed key-value store in Go,
Mihir Hegde,mihir.hegde24@student.example.edu,+91 66824 95371,IIT Bombay,Computer Science and Engineering,9.92,2 active,Node.js | SQL | rest api | Python | dsa | Git | Java,100,Chat server on WebSockets; URL shortener with Redis caching; Rate limiter for a public API; Inventory API with role-based access,
  Rachit   Yadav ,rachit.yadav@student.example.edu,9650938120,BITS Hyderabad,Comp Sci,6.62,2,"System Design, Git, gcp, Linux, DSA, python3, REST APIs, sql, go",32,,-
Sruthi Rao,sruthi.rao99@student.example.edu,64876-38370,NIT Karnataka,ECE,8.40,-,"amazon web services,Python,postgresql,dsa,REST APIs,Git,DOCKER",62/100,CI pipeline with automatic rollbacks;Cloud cost monitor,None
Aditya Kapoor,aditya.kapoor11@student.example.edu,+91 61572 32717,bits hyderabad,CSE,7.69,-,AWS | django | springboot | Go | REST APIs | Git | C++ | DSA,47/100,Rate limiter for a public API | Job queue with retries and dead letters,SDE intern at a logistics startup
Yamini Bhat,yamini.bhat25@student.example.edu,+91 61162 94119,iit kharagpur,Computer Science,8.02,Nil,"github,Redis,sql,node.js,TypeScript,REST APIs",60,Real-time collaborative whiteboard,Backend intern at a SaaS company
Irfan Sen,irfan.sen25@student.example.edu,+91-9868144679,IIT Bombay,ECE,6.92,Nil,"rest api,System Design,node.js,redis,mysql,js",33/100,Real-time collaborative whiteboard,Frontend intern at an edtech startup
Rachit Tiwari,rachit.tiwari07@student.example.edu,+91-8456464455,BITS Goa,IT,8.9/10,None,"typescript, algorithms, redis, SQL, System Design, C++, Node.js, REST APIs",70,Food delivery app clone; Expense tracker in React; Video call UI with WebRTC,-
Sahil Dutta,sahil.dutta@student.example.edu,9085862575,MIT Manipal,Mathematics and Computing,8.91,-,"Spring Boot, git, Go, Redis, Node.js, DSA, restful apis, SQL",48,Inventory API with role-based access;Rate limiter for a public API,SDE intern at a fintech startup
  Pallavi   Mehta ,pallavi.mehta03@student.example.edu,07934806178,IITM,CSE,78.9%,0,"DATA STRUCTURES,PYTHON3,REST APIs,Machine Learning,Linux,mysql,Git",Absent,Movie recommender with collaborative filtering,
prateek agarwal,prateek.agarwal99@student.example.edu,+91-6919723486,MIT Manipal,CS,7.41,-,"webrtc, Redis, git, POSTGRESQL, TypeScript, restful apis, DSA",53,Food delivery app clone,Backend intern at a SaaS company
Aarav Kapoor,aarav.kapoor07@student.example.edu,+91 90259 11890,IIT Roorkee,ECE,83.9%,0,"DSA, REST APIs, Redis, Git, typescript",60,Campus events app; Real-time collaborative whiteboard; Video call UI with WebRTC,ML intern at a healthtech company
Aditi Jain, ADITI.JAIN25@STUDENT.EXAMPLE.EDU ,6897785731,NIT Warangal,MnC,6.64,None,"DSA, pandas, Flask, postgres, REST API, AWS, Python",47,Sentiment tracker for app reviews,NA
FARAH KAPOOR,farah.kapoor@student.example.edu,70747-71156,IITB,M&C,7.47,-,"C++, algorithms, linux, System Design, Git",49,,-
Anirudh Patel,anirudh.patel24@student.example.edu,7308063536,NIT Surathkal,IT,7.46,Nil,redis | AWS | typescript | data structures | System Design | SQL | git | js,28,Expense tracker in React;Food delivery app clone,-
Akash Nair,akash.nair@student.example.edu,8073439827,NIT Kozhikode,CSE,6.12,0,typescript | redis | SQL | REST APIs | REACT | Git,10,Video call UI with WebRTC,None
Pooja Kulkarni,POOJA.KULKARNI99@STUDENT.EXAMPLE.EDU,+91-8196610220,IIT Madras,ME,8.38,0,Git | SQL | linux | rest apis | DSA | python3,66,Sentiment tracker for app reviews;Fraud detection on card transactions,NA
Gaurav Gupta,gaurav.gupta@student.example.edu,+91-6155605868,NIT Surathkal,CSE,7.32,NIL,"TypeScript,Node.js,Git,ALGORITHMS,restful apis",46,Real-time collaborative whiteboard,SDE intern at a fintech startup
Ashwin Sharma,,92473-02411,iit roorkee,Computer Science and Engineering,8.14,-,Python | DSA | sql | machine learning | Git,AB,Sentiment tracker for app reviews;Call-quality anomaly detector,Research intern at a university lab
tejas shetty,tejas.shetty25@student.example.edu,+91 95632 07915,BITS Goa,Comp Sci,6.1/10,2,"postgres, springboot, c++, REST APIs, AWS, DSA, javascript",16,Distributed key-value store in Go,-
HRITHIK PILLAI,hrithik.pillai01@student.example.edu,+91 69999 54837,nit calicut,EEE,8.00,None,"SQL,js,Redis,Git,typescript,REST API,Node.js,DATA STRUCTURES",42,Campus events app; Food delivery app clone; Accessible component library,NA
parth verma,parth.verma03@student.example.edu,8361203769,NIT Trichy,CS,5.99 CGPA,None,python | rest apis | Git | Docker | data structures | Linux | C++ | System Design,5,,
Waseem Chauhan,waseem.chauhan99@student.example.edu,8465019065,nit warangal,Maths & Computing,6.54,1 active,"node.js, REST APIs, APACHE KAFKA, Git, SQL, golang, ALGORITHMS",23,,
FAIZAN GUPTA, FAIZAN.GUPTA01@STUDENT.EXAMPLE.EDU ,9204956763,IIT Bombay,Electronics and Communication,8.7/10,0,"restful apis, hld, data structures, postgres, javascript, Django, Git, kafka, java",74,Distributed key-value store in Go; Job queue with retries and dead letters; Order service with Kafka events,-
ashwin das,,8854824006,Indian Institute of Technology Bombay,ME,7.29,-,"DSA,C++,python3,sql,Git,pandas",40/100,Resume parser with NLP,None
Varun Agarwal,varun.agarwal25@student.example.edu,09756103958,iit roorkee,ME,7.3/10,-,react.js | dsa | SQL | JavaScript,35,Video call UI with WebRTC; Expense tracker in React; Accessible component library,NA
Anjali Pai,anjali.pai07@student.example.edu,+91 77594 47263,IIT Kharagpur,CSE,8.11,0,REST APIs; DSA; django; Linux; Node.js; mysql; Git; Java,64,Job queue with retries and dead letters,
Mihir Nair,mihir.nair@student.example.edu,+91 96251 65728,MIT-Manipal,IT,81.9%,0,"data structures,WebRTC,SQL,Node.js,rest api,docker,java,Git,Kafka",62,Payment reconciliation service | Rate limiter for a public API,
MEERA BANERJEE,meera.banerjee@student.example.edu,7171522161,IIT Roorkee,C.S.E,7.23,0,"SQL,C++,DSA,Git,django",34,Order service with Kafka events | Job queue with retries and dead letters,
Lakshmi Mishra,lakshmi.mishra25@student.example.edu,7920744347,NIT Warangal,CSE,7.20,Nil,"kubernetes, DSA, docker, amazon web services, C++, Python, REST API",-,Load balancer simulation | Cloud cost monitor,-
Akhil Saxena,akhil.saxena24@student.example.edu,+91 72198 91648,IIT Roorkee,Mathematics and Computing,6.68,2,C++ | algorithms | rest apis | Spring Boot | SQL | Microservices | git,30,,-
Kavya Reddy,kavya.reddy99@student.example.edu,+91 74756 58210,NIT Trichy,Mechanical,7.71,Nil,"amazon web services,REST APIs,DSA,microservices,Java,git,Node.js,linux,System Design",43,Rate limiter for a public API | Payment reconciliation service | URL shortener with Redis caching,Backend intern at a SaaS company
Tanvi Mishra,tanvi.mishra11@student.example.edu,65091-80587,BITS Pilani,Information Technology,78.7%,0,postgres; REST APIs; golang; DSA; docker; Django; git; Redis,55,Rate limiter for a public API;Inventory API with role-based access,-
Anusha Kumar,anusha.kumar25@student.example.edu,+91-9504549037,NITC,Computer Science,75.9%,0,"git, C++, node.js, rest api, SQL, JAVA, MICROSERVICES",44,Chat server on WebSockets,None
Aditi Banerjee,ADITI.BANERJEE@STUDENT.EXAMPLE.EDU,+91-8116508433,IIT Delhi,ECE,8.75,0,"Pandas,REST APIs,Python,system design,MYSQL,algorithms,Machine Learning",85,Fraud detection on card transactions,Backend intern at a SaaS company
Navya Kamath,navya.kamath99@student.example.edu,7961490027,IIT Madras,C.S.E,8.03 CGPA,0,Java; Git; rest apis; DSA; linux,48,Distributed key-value store in Go | Chat server on WebSockets,-
OMKAR SINGH,omkar.singh99@student.example.edu,06151497774,BITS Hyderabad,I.T.,87.7%,0,WebRTC; REST APIs; data structures and algorithms; mysql; django; Microservices; Git; C++; spring boot,,,Backend intern at a SaaS company
Ruchi Nair,ruchi.nair25@student.example.edu,+91 68363 60868,NIT Warangal,Mechanical,6.19,0,Pandas | linux | PYTHON3 | REST APIs | Git | SQL,17,,
Hrithik Kamath,hrithik.kamath01@student.example.edu,+91 63592 58058,bits goa,Electronics & Communication,7.87,None,"rest api, node, React, DSA, Redis, JavaScript, C++",53,Food delivery app clone,Backend intern at a SaaS company
RAHUL VERMA,rahul.verma24@student.example.edu,+91-9183500703,IIT-Bombay,Comp Sci,8.12,-,MACHINE LEARNING | PYTHON3 | Pandas | data structures | SQL | REST APIs,50,Sentiment tracker for app reviews,Frontend intern at an edtech startup
soham sharma,soham.sharma@student.example.edu,6939453054,nit calicut,E&C,8.53,None,"data structures and algorithms, rest api, java, Linux, SQL, Git, Django",39,Distributed key-value store in Go;Payment reconciliation service,NA
Gokul Krishnan,gokul.krishnan03@student.example.edu,+91 69558 43385,NIT Warangal,IT,7.96,NIL,Linux | DOCKER | flask | DSA | Git | python | JavaScript | POSTGRESQL | pandas,50,Movie recommender with collaborative filtering;Resume parser with NLP,-
ashwin nair,ashwin.nair03@student.example.edu,87710-85106,BITS Goa,CSE,77.9%,1,RESTFUL APIS; React; typescript; GITHUB; redis; data structures and algorithms,AB,Accessible component library; Real-time collaborative whiteboard,None
Dhruv Prabhu,dhruv.prabhu01@student.example.edu,+91 77407 25873,IIT Bombay,CSE,5.99,2,"MICROSERVICES, DSA, Git, go, REST APIs, SQL",22,,
Sanjana Naidu, SANJANA.NAIDU25@STUDENT.EXAMPLE.EDU ,09412475203,IIT Bombay,M&C,8.33,0,restful apis; Linux; Java; DSA,62,Payment reconciliation service;URL shortener with Redis caching,Backend intern at a SaaS company
PARTH KULKARNI,parth.kulkarni01@student.example.edu,+91 96015 06727,NITW,CSE,7.53,None,"github, REDIS, docker, Microservices, rest apis, ALGORITHMS, mysql, C++, Linux",48,Chat server on WebSockets;Payment reconciliation service,
BHAVYA MENON,bhavya.menon@student.example.edu,7292782581,NIT Calicut,CSE,7.83,0,"spring boot, linux, REST APIs, Git, SQL, AWS, java",,Order service with Kafka events; Rate limiter for a public API; Job queue with retries and dead letters; URL shortener with Redis caching,-
Lakshmi Gupta,lakshmi.gupta11@student.example.edu,6115437574,bits pilani,CSE,7.50,None,"RESTFUL APIS, java, algorithms, Git, node, linux, django",45/100,Inventory API with role-based access,NA
  Manish   Hegde ,manish.hegde25@student.example.edu,06820835654,NIT Surathkal,Electrical,63.1%,0,python3 | REST APIs | Linux | Git,33,,-
Uday Bose,uday.bose01@student.example.edu,+91-9920992535,IIT Kharagpur,ME,7.58 CGPA,0,"React,ts,SQL,DSA,redis,rest apis",-,Campus events app,
Nikhil Kulkarni,nikhil.kulkarni24@student.example.edu,7256245419,NIT Kozhikode,Computer Science,63.5%,0,postgres; Python; Flask; linux; machine learning; Git,16,,-
Farah Singh,farah.singh24@student.example.edu,+91-9314043925,NIT Calicut,Mech,7.20 CGPA,0,mysql; WebRTC; github; Linux; Microservices; System Design; DSA; golang; Django,45,Order service with Kafka events; Rate limiter for a public API,-
Harini Krishnan,,6949720119,IIT Madras,Information Technology,7.8/10,None,"Flask,Git,rest apis,JavaScript,dsa,postgresql,machine learning,python",77,Movie recommender with collaborative filtering;Sentiment tracker for app reviews,Frontend intern at an edtech startup
PALLAVI DUTTA,pallavi.dutta07@student.example.edu,+91 86761 12271,IIT Madras,Electrical Engineering,7.39,0,WebRTC | rest apis | PYTHON | SQL | DSA | Git | flask,34,Sales forecasting dashboard,SDE intern at a fintech startup
Arvind Pillai,arvind.pillai@student.example.edu,61700-43937,manipal institute of technology,C.S.E,6.49,None,"git, sql, DSA, redis, Linux, Java, rest apis",Absent,,None
varun pillai,varun.pillai01@student.example.edu,8928512221,bits pilani,C.S.E,9.10,NIL,"DSA,React,SQL,docker,C++,REST APIs,javascript,github",58/100,Video call UI with WebRTC | Food delivery app clone | Expense tracker in React | Accessible component library,None
Bhavya Bhat,BHAVYA.BHAT07@STUDENT.EXAMPLE.EDU,6636897694,BITS Pilani,CSE,94.1%,None,data structures and algorithms | SQL | Redis | git | ts | rest apis | React,79,Real-time collaborative whiteboard | Video call UI with WebRTC,ML intern at a healthtech company
Zoya Yadav,zoya.yadav03@student.example.edu,+91-8025503025,NITK,CS,7.6/10,2 active,Microservices | Node.js | DSA | GIT | GOLANG | django | rest api | SQL,36,,
Pooja Pai,pooja.pai@student.example.edu,9519051306,"Birla Institute of Technology and Science, Pilani",IT,7.67,Nil,REST APIs | data structures | Python | flask | GIT | MYSQL,35,Churn prediction model; Movie recommender with collaborative filtering,SDE intern at a logistics startup
divya banerjee,divya.banerjee01@student.example.edu,7172650475,IIT Kharagpur,CSE,7.42,None,"TypeScript, REST APIs, mysql, Python, reactjs, Redis, System Design, git",70,Food delivery app clone;Campus events app,SDE intern at a logistics startup
JATIN GUPTA,jatin.gupta07@student.example.edu,86286-91665,NIT Warangal,Electronics & Communication,6.05,-,rest apis | Kafka | Microservices | DSA | go | Git,16,,NA
NANDINI PRABHU,nandini.prabhu01@student.example.edu,72897-89872,NIT Warangal,Computer Science,8.0/10,Nil,mysql | linux | java | Git | SPRING BOOT | AWS,59/100,Chat server on WebSockets;Distributed key-value store in Go,NA
Shruti Pai,shruti.pai@student.example.edu,09163598093,MIT Manipal,CSE,8.28,-,"go, REST APIs, Git, Linux, Microservices, algorithms, springboot",46/100,Payment reconciliation service; Rate limiter for a public API,None
ROHAN BANERJEE,rohan.banerjee25@student.example.edu,8178218119,iit roorkee,CSE,8.02,0,"Python, SQL, flask",52,Sales forecasting dashboard; Sentiment tracker for app reviews,Data intern at an analytics firm
Vivaan Kapoor,vivaan.kapoor07@student.example.edu,+91 79147 48938,NIT Surathkal,CSE,7.31,-,"restful apis, SQL, data structures, Django, Linux, c++, GIT",79,Rate limiter for a public API | Order service with Kafka events,-
Pooja Ghosh,pooja.ghosh24@student.example.edu,6989559386,MIT Manipal,CSE,8.93,NIL,"React, rest apis, GITHUB, System Design, JAVASCRIPT, data structures, mysql",69,Video call UI with WebRTC;Expense tracker in React,
AKASH CHATTERJEE,akash.chatterjee11@student.example.edu,08050520607,NIT Warangal,E&C,8.03,-,"python3, REST APIs, TYPESCRIPT, GITHUB, React, node, sql, redis",52,Video call UI with WebRTC,None
Siddharth Banerjee,siddharth.banerjee11@student.example.edu,83089-77908,"MIT, Manipal",Mathematics and Computing,7.44,0,mysql | hld | AWS | django | Java | Git | rest api | DSA | Redis,37,Distributed key-value store in Go,-
Rakesh Bose,rakesh.bose24@student.example.edu,9615509923,NITT,Electrical,8.0/10,NIL,python3 | DSA | Git | Pandas | REST APIs | postgres,68,Sales forecasting dashboard;Fraud detection on card transactions;Movie recommender with collaborative filtering,None
Sneha Saxena,sneha.saxena11@student.example.edu,7177442030,NIT Warangal,CSE,82.4%,2,"Git,Django,REST APIs,DSA,C++",63,Rate limiter for a public API; Payment reconciliation service; Distributed key-value store in Go,-
Irfan Dutta,irfan.dutta@student.example.edu,06904852494,iit bombay,C.S.E,7.87,0,Git; Docker; DSA; Python; REST APIs; FLASK,44,Call-quality anomaly detector | Fraud detection on card transactions,
Harsh Kumar,harsh.kumar@student.example.edu,+91 93189 16732,MIT Manipal,CSE,7.31,NIL,"python, data structures and algorithms, Docker, pandas, github, ml, postgres",69/100,Call-quality anomaly detector,
RAHUL KUMAR,rahul.kumar07@student.example.edu,7746298244,iit kharagpur,Mechanical,6.11,0,"C++, DSA, Java, SQL, Linux, REST APIs, Git",8/100,,-
Manish Chatterjee,manish.chatterjee25@student.example.edu,92485-75896,MAHE Manipal,I.T.,7.75,-,"GIT,python,linux,AWS,SQL,JavaScript",26,Fraud detection on card transactions,None
Madhav Jain,madhav.jain24@student.example.edu,+91 89386 64571,BITS Pilani,CSE,7.61,NIL,"js,node,Git,DSA,SQL,Redis",51,Campus events app | Food delivery app clone,Data intern at an analytics firm
Rithika Naidu,rithika.naidu@student.example.edu,09997258813,"MIT, Manipal",CSE,91.3%,0,algorithms; FLASK; Git; python; pandas; Docker; SQL,100,Churn prediction model;Call-quality anomaly detector;Sentiment tracker for app reviews,-
  Arjun   Iyer ,arjun.iyer24@student.example.edu,+91-9470304969,IIT Roorkee,ECE,8.25,None,C++ | algorithms | MICROSERVICES | restful apis | docker | SQL | Git | apache kafka,61/100,Order service with Kafka events; Distributed key-value store in Go,Backend intern at a SaaS company
  Sahil   Fernandes ,sahil.fernandes03@student.example.edu,8234936409,bits hyderabad,IT,8.67,0,"mysql, Git, django, linux, Java, data structures and algorithms, kafka, AWS, rest api",69,Payment reconciliation service | Rate limiter for a public API,Frontend intern at an edtech startup
soham yadav,soham.yadav01@student.example.edu,8925249642,BITS-Goa,ECE,78.6%,0,"rest apis, SQL, springboot, golang, microservices, Git",64,Payment reconciliation service;Job queue with retries and dead letters,SDE intern at a logistics startup
Shruti Singh,shruti.singh07@student.example.edu,08004608823,N.I.T. Warangal,EE,6.79,0,"React,Node.js,git,docker,SQL,typescript,DATA STRUCTURES,REST APIs",10,Campus events app,-
Ananya Kamath,ananya.kamath99@student.example.edu,6133527723,NIT Warangal,ECE,84.8%,0,"hld,algorithms,react.js,Git,JavaScript,REST APIs",69,Video call UI with WebRTC,None
Vedant Chauhan,vedant.chauhan24@student.example.edu,7390962486,iit bombay,Mathematics and Computing,6.82,0,github | python | rest api | docker,50,CI pipeline with automatic rollbacks | Load balancer simulation,
Rachit Nair,rachit.nair03@student.example.edu,71356-15031,iit kharagpur,Computer Science,6.79,0,Git; Machine Learning; SQL; JavaScript; linux; Python; restful apis; Flask,10,Fraud detection on card transactions,NA
Madhav Reddy,madhav.reddy25@student.example.edu,6007310622,"MIT, Manipal",IT,7.92 CGPA,0,"POSTGRESQL,Linux,go,DSA,git",53,,ML intern at a healthtech company
Farah Mishra,FARAH.MISHRA25@STUDENT.EXAMPLE.EDU,7747705688,MAHE Manipal,MnC,85.5%,None,DOCKER | postgres | DSA | PANDAS | PYTHON3 | Flask | github,74,Resume parser with NLP;Fraud detection on card transactions,NA
rahul pai,rahul.pai01@student.example.edu,06152690704,BITS Goa,CSE,83.2%,0,python | pandas | ML | DSA | mysql | Git | amazon web services,43,Call-quality anomaly detector | Fraud detection on card transactions,ML intern at a healthtech company
RITHIKA KAPOOR,rithika.kapoor25@student.example.edu,+91-8949610303,IIT Kharagpur,ECE,72.8%,NIL,"rest apis,postgresql,Microservices,aws,django,Linux,github,golang",32,Job queue with retries and dead letters,None
Anusha Das,anusha.das24@student.example.edu,66339-27556,IITB,CSE,9.04,0,SQL | Git | Linux | Python | System Design | flask | Pandas,57/100,Sales forecasting dashboard; Movie recommender with collaborative filtering; Call-quality anomaly detector,-
  Gokul   Mehta ,gokul.mehta@student.example.edu,9465267993,BITS Pilani,Computer Science and Engineering,7.82,0,Git; DSA; ML; mysql; JAVA; REST APIS; python3; docker,60,Fraud detection on card transactions; Sales forecasting dashboard,Frontend intern at an edtech startup
Rachit Chatterjee,RACHIT.CHATTERJEE24@STUDENT.EXAMPLE.EDU,62612-25659,NIT Warangal,E&C,9.90,0,"aws, data structures, System Design, ts, GIT, redis, REST APIs, mysql, docker",100,Accessible component library;Real-time collaborative whiteboard;Food delivery app clone;Video call UI with WebRTC,-
yamini verma,YAMINI.VERMA03@STUDENT.EXAMPLE.EDU,60839-50511,MIT Manipal,Electrical,78.3%,-,"git, ml, Python, DSA, SQL, Docker, linux",54,Sentiment tracker for app reviews,
Kunal Mishra,kunal.mishra03@student.example.edu,+91 73085 00433,IIT Delhi,CSE,7.84,0,DSA; Go; RESTFUL APIS; Git; microservices; SQL; Kafka; redis,53,Inventory API with role-based access;Payment reconciliation service,Platform intern at a cloud services firm
Rakesh Bhat,rakesh.bhat07@student.example.edu,+91-9707810446,bits pilani,IT,72.7%,0,"SQL, DSA, restful apis, C++, Spring Boot",9,Job queue with retries and dead letters; Order service with Kafka events,None
Rachit Das,rachit.das24@student.example.edu,9800905509,NITW,Comp Sci,6.9/10,0,"REST APIs, Java, Flask, Git, System Design, Python, mysql",32,,None
Isha Sinha,isha.sinha@student.example.edu,+91 68976 97296,BITS Hyderabad,C.S.E,6.62,None,"LINUX,C++,SQL,redis,DSA,java",34/100,Chat server on WebSockets,
Darshan Patel,darshan.patel01@student.example.edu,+91 82363 32504,"MIT, Manipal",CSE,7.30,0,"data structures,SQL,Django,git,java,Node.js,REST APIs",49,Distributed key-value store in Go,None
farah chatterjee,farah.chatterjee11@student.example.edu,07377146921,I.I.T. Delhi,CSE,6.61,2 active,"rest api,algorithms,postgres,Git,Linux,Docker,Spring Boot,Go,Kafka",45,Distributed key-value store in Go,-
faizan gupta,faizan.gupta01@student.example.edu,9204956763,IIT Bombay,Electronics and Communication,8.7/10,0,"restful apis, hld, data structures, postgres, javascript, Django, Git, kafka, java",74,Distributed key-value store in Go; Job queue with retries and dead letters; Order service with Kafka events,-
ZOYA TIWARI,zoya.tiwari07@student.example.edu,+91 92367 62806,bits hyderabad,CSE,8.4/10,NIL,rest api; react.js; postgresql; System Design; DSA; git; JavaScript,66,Real-time collaborative whiteboard;Accessible component library,
Vivaan Nair, VIVAAN.NAIR11@STUDENT.EXAMPLE.EDU ,+91 88652 56559,IIT Delhi,ECE,6.95,None,"microservices, Git, Go, dsa, REST APIs",36,,None
TANVI NAIR,tanvi.nair01@student.example.edu,+91 73710 29966,BITS Goa,ECE,8.04,NIL,"data structures and algorithms, Machine Learning, REST APIs, python",52,Resume parser with NLP;Churn prediction model,Frontend intern at an edtech startup
rithika shenoy,rithika.shenoy01@student.example.edu,+91 79447 55792,NITT,Maths & Computing,8.07,1,"rest apis, Pandas, SQL, Python, amazon web services, docker, Linux",63,Movie recommender with collaborative filtering; Sales forecasting dashboard,NA
Sneha Krishnan,sneha.krishnan03@student.example.edu,8620204455,NIT Calicut,CS,7.33,Nil,typescript | react | mysql | DSA | Java | REST APIs,40,Food delivery app clone,-
Fathima Joshi,fathima.joshi@student.example.edu,07993963740,NITW,Electronics and Communication,7.85,0,"github,Flask,Python,Java,Pandas,REST APIs,postgresql",56/100,Sales forecasting dashboard,Backend intern at a SaaS company
Priya Sinha,priya.sinha99@student.example.edu,9175677834,NITK Surathkal,EEE,7.72,0,"data structures,SQL,redis,go,github,Linux",54,Rate limiter for a public API | Chat server on WebSockets,NA
Manish Menon,manish.menon11@student.example.edu,08466638403,bits hyderabad,EE,8.61,-,"microservices, c++, SQL, Django, github, algorithms, Spring Boot",56,Rate limiter for a public API | URL shortener with Redis caching,Backend intern at a SaaS company
Hrithik Fernandes,hrithik.fernandes07@student.example.edu,7213492596,NITC,ECE,7.85,NIL,data structures | Java | postgres | Git | Spring Boot | APACHE KAFKA,47/100,Job queue with retries and dead letters,Data intern at an analytics firm
rohan desai,rohan.desai25@student.example.edu,+91 93518 75250,iit bombay,Mathematics and Computing,8.17,0,"node,TYPESCRIPT,postgresql,REST APIS,data structures and algorithms",61,Food delivery app clone; Video call UI with WebRTC,SDE intern at a fintech startup
NANDINI SHENOY,nandini.shenoy@student.example.edu,6813488950,NIT Surathkal,E&C,7.1/10,None,"REST APIs,git,AWS,Go,DSA,redis,java",46,Rate limiter for a public API;Distributed key-value store in Go;URL shortener with Redis caching,SDE intern at a logistics startup
ananya bose,ananya.bose07@student.example.edu,+91-6511996690,IIT Bombay,Comp Sci,8.02,NIL,Flask | SQL | python | Docker | AMAZON WEB SERVICES | Linux | Machine Learning | github | rest apis,58,,-
Vidya Prabhu,vidya.prabhu03@student.example.edu,06132365278,iit madras,IT,8.19,0,"docker, Git, python, Flask, MYSQL, Machine Learning, algorithms, amazon web services",54/100,Fraud detection on card transactions,None
uday banerjee,uday.banerjee07@student.example.edu,+91-7995102146,IIT Delhi,EE,80.8%,0,data structures and algorithms; cpp; Kafka; linux; postgresql; redis; REST APIs,45,Rate limiter for a public API; Payment reconciliation service,Frontend intern at an edtech startup
Manish Dutta,manish.dutta07@student.example.edu,7930379628,MAHE Manipal,Mechanical,8.24,-,REST APIs | github | docker | linux | spring boot | DSA | Go | SQL,42,Job queue with retries and dead letters;Rate limiter for a public API;Order service with Kafka events,SDE intern at a fintech startup
Parth Naidu,parth.naidu03@student.example.edu,+91 61603 52314,BITS Pilani,CSE,9.12,-,github | java | DSA | C++ | REST APIs | DJANGO,69,URL shortener with Redis caching | Job queue with retries and dead letters,Data intern at an analytics firm
  Navya   Agarwal ,navya.agarwal01@student.example.edu,+91-7197679490,bits hyderabad,CSE,79.4%,0,"Node.js, DSA, restful apis, JavaScript, SQL, hld",41,Real-time collaborative whiteboard;Video call UI with WebRTC,
Neha Prabhu,neha.prabhu@student.example.edu,8880821236,MAHE Manipal,IT,7.42,0,DSA | Go | REST APIs | SQL | github | spring boot,59,Inventory API with role-based access; Distributed key-value store in Go,Research intern at a university lab
Nandini Desai,nandini.desai25@student.example.edu,+91 96399 55329,NIT Surathkal,Electronics and Communication,7.83,0,"redis, typescript, github, REST APIS",53,Campus events app;Expense tracker in React,Data intern at an analytics firm
Dhruv Rao,DHRUV.RAO01@STUDENT.EXAMPLE.EDU,78149-81047,iit bombay,Computer Science and Engineering,7.63,0,go; django; git; restful apis; SQL,57,Distributed key-value store in Go;Order service with Kafka events;URL shortener with Redis caching,-
Prateek Verma,prateek.verma24@student.example.edu,9956526445,IIT Madras,Computer Science and Engineering,8.46,None,JavaScript; github; React; redis; rest apis,60,Video call UI with WebRTC | Accessible component library | Real-time collaborative whiteboard,None
Aniket Das,aniket.das03@student.example.edu,9610608820,IIT Chennai,E&C,7.80,NIL,Python | Linux | rest apis | data structures | JavaScript | git | sql | Flask,42,Fraud detection on card transactions,
RITHIKA DUTTA,rithika.dutta07@student.example.edu,6483319030,NIT Trichy,ECE,84.9%,NIL,"docker, react.js, js, REST APIs, github, Node.js",35,Accessible component library | Video call UI with WebRTC,None
Aniket Chauhan,ANIKET.CHAUHAN25@STUDENT.EXAMPLE.EDU,+91 81152 05117,NIT Kozhikode,E&C,87.6%,Nil,"GOLANG, DSA, Git, aws",60,Cloud cost monitor;Log pipeline on Kafka,None
Darshan Verma,darshan.verma11@student.example.edu,09267303980,MIT Manipal,Comp Sci,63.1%,None,"github,SQL,hld,DSA,Flask,Python",28,,NA
Rohan Prabhu,rohan.prabhu99@student.example.edu,8987540455,iit kharagpur,IT,79.7%,0,"SQL,System Design,DSA,restful apis,Flask,python,linux,Git",57/100,Call-quality anomaly detector,None
Uday Chauhan,uday.chauhan@student.example.edu,8786828142,BITS Pilani,Computer Science,85.4%,Nil,Go; nodejs; Microservices; github; rest api; dsa; postgres; JavaScript,44,Order service with Kafka events;Job queue with retries and dead letters,Platform intern at a cloud services firm
Aarav Shenoy,aarav.shenoy99@student.example.edu,+91 72173 65790,IIT Kharagpur,Electrical Engineering,,NIL,mysql; github; REST APIs; amazon web services; Python; data structures,67,Load balancer simulation;Cloud cost monitor;Self-hosted metrics stack;Kubernetes autoscaler experiment,Backend intern at a SaaS company
Yamini Singh,yamini.singh@student.example.edu,7246598292,IIT Delhi,ECE,8.29,1 active,"python, github, PANDAS, DSA, FLASK, docker, rest apis, SQL",62,Sentiment tracker for app reviews,SDE intern at a fintech startup
GAURAV PRABHU,gaurav.prabhu24@student.example.edu,06741337801,BITS Hyderabad,ECE,9.3/10,2 active,"RESTFUL APIS,aws,redis,node,SQL,ts,DSA,Git",78,Food delivery app clone; Video call UI with WebRTC; Expense tracker in React,-
Sahil Kapoor,sahil.kapoor25@student.example.edu,9339456343,IIT Bombay,I.T.,7.74,None,"RESTFUL APIS,ALGORITHMS,GO,Linux,mysql,amazon web services,Python,Docker",Absent,Kubernetes autoscaler experiment;Cloud cost monitor,Platform intern at a cloud services firm
rohan rao,,8681673301,BITS Hyderabad,CSE,7.99,0,Git; data structures; Flask; Docker; postgres; Machine Learning; python3,39,Sentiment tracker for app reviews;Fraud detection on card transactions,-
Anusha Gupta,anusha.gupta@student.example.edu,9373013052,IITB,Computer Science and Engineering,85.3%,-,typescript | Git | REDIS | SQL | DSA | rest apis | System Design,57,Campus events app | Expense tracker in React,Research intern at a university lab
Manish Chauhan,manish.chauhan99@student.example.edu,+91 89922 10153,NIT Calicut,ECE,7.74,0,"REST APIs, Spring Boot, github, golang",57,Inventory API with role-based access,-
Aniket Pillai,aniket.pillai99@student.example.edu,+91 76306 40023,BITS Hyderabad,Mechanical,7.6/10,0,DSA; REST APIs; Pandas; mysql; Flask; PYTHON3; Linux; github; Docker,20,,-
Arvind Gupta,arvind.gupta25@student.example.edu,+91 80149 18670,bits goa,CS,83.5%,Nil,Linux | algorithms | System Design | restful apis | golang,39/100,Log pipeline on Kafka,-
anjali chauhan,anjali.chauhan25@student.example.edu,07064603008,IIT KGP,MnC,8.31 CGPA,0,REST APIs | React | js | git | Node.js | data structures and algorithms,68,Campus events app;Food delivery app clone,
Meera Fernandes,meera.fernandes25@student.example.edu,+91 63650 94700,NIT Surathkal,Electronics and Communication,8.14,Nil,"ts, SQL, reactjs, rest api, data structures, github, python",77,Food delivery app clone;Real-time collaborative whiteboard,SDE intern at a logistics startup
Yash Rao,yash.rao24@student.example.edu,7558805900,nit calicut,CSE,7.9/10,-,"data structures and algorithms, SQL, Linux, GIT, python3, System Design, Flask",56,Sales forecasting dashboard | Movie recommender with collaborative filtering | Call-quality anomaly detector | Sentiment tracker for app reviews,Backend intern at a SaaS company
Karthik Reddy,karthik.reddy24@student.example.edu,+91 79802 51610,NIT Trichy,IT,8.45 CGPA,None,FLASK | DSA | git | Pandas | Machine Learning | Python | REST APIs | SQL,81/100,Resume parser with NLP;Fraud detection on card transactions;Call-quality anomaly detector,None
